60219031;"Baby Products/Categories/Health & Baby Care/Scales"
60233031;"Baby Products/Categories/Health & Baby Care/Baby Grooming/Brushes & Combs"
60234031;"Baby Products/Categories/Health & Baby Care/Baby Grooming/Nail Care"
60235031;"Baby Products/Categories/Health & Baby Care/Baby Grooming/Nasal Aspirator & Ear Syringe"
60236031;"Baby Products/Categories/Health & Baby Care/Baby Grooming/Grooming & Healthcare Kits"
60237031;"Baby Products/Categories/Health & Baby Care/Baby Grooming/Dental Care"
60576031;"Baby Products/Categories/Health & Baby Care/Baby Grooming/Baby Syringes"
60221031;"Baby Products/Categories/Health & Baby Care/Baby Grooming"
60222031;"Baby Products/Categories/Health & Baby Care/Thermometers"
60238031;"Baby Products/Categories/Health & Baby Care/Potties, Seats & Step Stools/Step Stools"
60239031;"Baby Products/Categories/Health & Baby Care/Potties, Seats & Step Stools/Potties"
60240031;"Baby Products/Categories/Health & Baby Care/Potties, Seats & Step Stools/Seats"
60223031;"Baby Products/Categories/Health & Baby Care/Potties, Seats & Step Stools"
60249031;"Baby Products/Categories/Health & Baby Care/Hot Water Bottles & Heat Treatment/Wet Packs"
60250031;"Baby Products/Categories/Health & Baby Care/Hot Water Bottles & Heat Treatment/Cherry Pit Bags"
60251031;"Baby Products/Categories/Health & Baby Care/Hot Water Bottles & Heat Treatment/Hot Water Bottles"
60225031;"Baby Products/Categories/Health & Baby Care/Hot Water Bottles & Heat Treatment"
60577031;"Baby Products/Categories/Health & Baby Care/First Aid"
60579031;"Baby Products/Categories/Health & Baby Care/Skin Care/Sun Cream"
60580031;"Baby Products/Categories/Health & Baby Care/Skin Care/Soap"
60581031;"Baby Products/Categories/Health & Baby Care/Skin Care/Creams"
405709031;"Baby Products/Categories/Health & Baby Care/Skin Care/Oils"
60578031;"Baby Products/Categories/Health & Baby Care/Skin Care"
60042031;"Baby Products/Categories/Health & Baby Care"
118425031;"Beauty/Categories/Cosmetics/Eyes/Eyeliners"
118426031;"Beauty/Categories/Cosmetics/Eyes/Eyebrow Colour"
118427031;"Beauty/Categories/Cosmetics/Eyes/Eyeshadow"
118428031;"Beauty/Categories/Cosmetics/Eyes/Mascaras"
118429031;"Beauty/Categories/Cosmetics/Eyes/Eye Lashes"
118424031;"Beauty/Categories/Cosmetics/Eyes"
118431031;"Beauty/Categories/Cosmetics/Face/Foundation"
118432031;"Beauty/Categories/Cosmetics/Face/Concealer"
118433031;"Beauty/Categories/Cosmetics/Face/Powder"
118434031;"Beauty/Categories/Cosmetics/Face/Blushers"
118435031;"Beauty/Categories/Cosmetics/Face/Shimmer & Highlights"
118430031;"Beauty/Categories/Cosmetics/Face"
118437031;"Beauty/Categories/Cosmetics/Lips/Lipglosses"
118438031;"Beauty/Categories/Cosmetics/Lips/Lip-Liners"
118439031;"Beauty/Categories/Cosmetics/Lips/Lipsticks"
118440031;"Beauty/Categories/Cosmetics/Lips/Lip Stain"
118441031;"Beauty/Categories/Cosmetics/Lips/Primers, Balms & Conditioners"
118442031;"Beauty/Categories/Cosmetics/Lips/Lip Plumper"
118436031;"Beauty/Categories/Cosmetics/Lips"
118443031;"Beauty/Categories/Cosmetics/Body"
118446031;"Beauty/Categories/Cosmetics/Tools/Brushes/Lips"
118447031;"Beauty/Categories/Cosmetics/Tools/Brushes/Eyes"
118448031;"Beauty/Categories/Cosmetics/Tools/Brushes/Face"
118445031;"Beauty/Categories/Cosmetics/Tools/Brushes"
118449031;"Beauty/Categories/Cosmetics/Tools/Blotting Paper"
118450031;"Beauty/Categories/Cosmetics/Tools/Compact Mirrors"
118451031;"Beauty/Categories/Cosmetics/Tools/Lash Combs & Curlers"
118452031;"Beauty/Categories/Cosmetics/Tools/Pencil Sharpeners"
118453031;"Beauty/Categories/Cosmetics/Tools/Powder Puffs"
118454031;"Beauty/Categories/Cosmetics/Tools/Sponges"
118455031;"Beauty/Categories/Cosmetics/Tools/Tissues"
118456031;"Beauty/Categories/Cosmetics/Tools/Tweezers"
118444031;"Beauty/Categories/Cosmetics/Tools"
118423031;"Beauty/Categories/Cosmetics"
118458031;"Beauty/Categories/Fragrances/Eau de Cologne"
118459031;"Beauty/Categories/Fragrances/Eau de Perfume"
118460031;"Beauty/Categories/Fragrances/Eau de Toilette"
118461031;"Beauty/Categories/Fragrances/Perfume"
118462031;"Beauty/Categories/Fragrances/Solids"
118463031;"Beauty/Categories/Fragrances/Gift Sets"
118457031;"Beauty/Categories/Fragrances"
118477031;"Beauty/Categories/Manicure & Pedicure/Artificial Nails & Accessories"
118478031;"Beauty/Categories/Manicure & Pedicure/Cuticle Tools"
118479031;"Beauty/Categories/Manicure & Pedicure/Hand & Nail Creams"
118480031;"Beauty/Categories/Manicure & Pedicure/Nail Buffers & Smoothers"
118481031;"Beauty/Categories/Manicure & Pedicure/Nail Clippers"
118482031;"Beauty/Categories/Manicure & Pedicure/Nail Files"
118483031;"Beauty/Categories/Manicure & Pedicure/Nail Polish"
118484031;"Beauty/Categories/Manicure & Pedicure/Nail Polish Remover"
118485031;"Beauty/Categories/Manicure & Pedicure/Nail Scissors"
118486031;"Beauty/Categories/Manicure & Pedicure/Nail Strengthening"
118487031;"Beauty/Categories/Manicure & Pedicure/Powered Appliances"
118488031;"Beauty/Categories/Manicure & Pedicure/Pumice Stones"
118489031;"Beauty/Categories/Manicure & Pedicure/Treatment Gloves & Socks"
118490031;"Beauty/Categories/Manicure & Pedicure/Sets"
118476031;"Beauty/Categories/Manicure & Pedicure"
344274031;"Beauty/Categories/Skin Care/Body/Body Firmers & Shapers"
344270031;"Beauty/Categories/Skin Care/Body/Butters"
344273031;"Beauty/Categories/Skin Care/Body/Creams"
344271031;"Beauty/Categories/Skin Care/Body/Lotions"
344272031;"Beauty/Categories/Skin Care/Body/Oils"
344269031;"Beauty/Categories/Skin Care/Body"
344259031;"Beauty/Categories/Skin Care/Eyes/Creams"
344258031;"Beauty/Categories/Skin Care/Eyes/Gels"
344257031;"Beauty/Categories/Skin Care/Eyes/Serums"
118465031;"Beauty/Categories/Skin Care/Eyes"
344261031;"Beauty/Categories/Skin Care/Face/Cleansing Creams & Milks"
344260031;"Beauty/Categories/Skin Care/Face/Cleansing Gels & Foams"
344262031;"Beauty/Categories/Skin Care/Face/Cleansing Pads & Wipes"
344263031;"Beauty/Categories/Skin Care/Face/Day Creams"
344264031;"Beauty/Categories/Skin Care/Face/Night Creams"
344265031;"Beauty/Categories/Skin Care/Face/Exfoliators"
344266031;"Beauty/Categories/Skin Care/Face/Serums"
344267031;"Beauty/Categories/Skin Care/Face/Toners"
344268031;"Beauty/Categories/Skin Care/Face/Treatments & Masks"
118466031;"Beauty/Categories/Skin Care/Face"
118467031;"Beauty/Categories/Skin Care/Lips"
118469031;"Beauty/Categories/Skin Care/Make-Up Removers"
118468031;"Beauty/Categories/Skin Care/Problem Skin"
118473031;"Beauty/Categories/Skin Care/Skin Care Appliances"
248559031;"Health & Beauty/Categories/Personal Care/Body Care/Sun Care & Tanning/After Sun"
118470031;"Health & Beauty/Categories/Personal Care/Body Care/Sun Care & Tanning/Self-Tanning"
248558031;"Health & Beauty/Categories/Personal Care/Body Care/Sun Care & Tanning/Sunscreens"
74133031;"Health & Beauty/Categories/Personal Care/Body Care/Sun Care & Tanning"
118475031;"Beauty/Categories/Skin Care/Gift Sets"
118464031;"Beauty/Categories/Skin Care"
118491031;"Beauty/Categories/Bags & Cases"
66471031;"Health & Beauty/Categories/Beauty"
74164031;"Health & Beauty/Categories/Diet & Nutrition/Complementary Health"
74165031;"Health & Beauty/Categories/Diet & Nutrition/Detox & Digestive"
359908031;"Grocery/Categories/Beverages/Energy Drinks"
74162031;"Health & Beauty/Categories/Diet & Nutrition/Health Snacks"
74167031;"Health & Beauty/Categories/Diet & Nutrition/Recovery & Weight Gain"
74170031;"Health & Beauty/Categories/Diet & Nutrition/Slimming Aids & Weight Loss"
74166031;"Grocery/Categories/Cooking & Baking Supplies/Sugars & Sweeteners/Sweeteners"
74183031;"Health & Beauty/Categories/Diet & Nutrition/Vitamins, Minerals & Supplements/Multivitamins & Minerals"
74185031;"Health & Beauty/Categories/Diet & Nutrition/Vitamins, Minerals & Supplements/Single Minerals"
74184031;"Health & Beauty/Categories/Diet & Nutrition/Vitamins, Minerals & Supplements/Single Vitamins"
74196031;"Health & Beauty/Categories/Diet & Nutrition/Vitamins, Minerals & Supplements/Protein Supplements"
74197031;"Health & Beauty/Categories/Diet & Nutrition/Vitamins, Minerals & Supplements/Carbohydrate Supplements"
74194031;"Health & Beauty/Categories/Diet & Nutrition/Vitamins, Minerals & Supplements/Essential Fatty Acids"
74173031;"Health & Beauty/Categories/Diet & Nutrition/Vitamins, Minerals & Supplements/Fish Oils"
74172031;"Health & Beauty/Categories/Diet & Nutrition/Vitamins, Minerals & Supplements/Energy, Vitality & Well Being"
74186031;"Health & Beauty/Categories/Diet & Nutrition/Vitamins, Minerals & Supplements/Stress & Anxiety Relief"
74176031;"Health & Beauty/Categories/Diet & Nutrition/Vitamins, Minerals & Supplements/Bones"
74174031;"Health & Beauty/Categories/Diet & Nutrition/Vitamins, Minerals & Supplements/Nervous System"
74175031;"Health & Beauty/Categories/Diet & Nutrition/Vitamins, Minerals & Supplements/Heart, Circulation & Blood"
74177031;"Health & Beauty/Categories/Diet & Nutrition/Vitamins, Minerals & Supplements/Fertility"
74178031;"Health & Beauty/Categories/Diet & Nutrition/Vitamins, Minerals & Supplements/Fatigue"
74181031;"Health & Beauty/Categories/Diet & Nutrition/Vitamins, Minerals & Supplements/Digestion"
74179031;"Health & Beauty/Categories/Diet & Nutrition/Vitamins, Minerals & Supplements/Brain & Mind"
74180031;"Health & Beauty/Categories/Diet & Nutrition/Vitamins, Minerals & Supplements/Joints"
74182031;"Health & Beauty/Categories/Diet & Nutrition/Vitamins, Minerals & Supplements/Detox & Cleanse"
74187031;"Health & Beauty/Categories/Diet & Nutrition/Vitamins, Minerals & Supplements/Teeth & Gums"
74188031;"Health & Beauty/Categories/Diet & Nutrition/Vitamins, Minerals & Supplements/Skin, Hair & Nails"
74189031;"Health & Beauty/Categories/Diet & Nutrition/Vitamins, Minerals & Supplements/Eyes"
74190031;"Health & Beauty/Categories/Diet & Nutrition/Vitamins, Minerals & Supplements/Immune System"
74191031;"Health & Beauty/Categories/Diet & Nutrition/Vitamins, Minerals & Supplements/Menstruation"
74192031;"Health & Beauty/Categories/Diet & Nutrition/Vitamins, Minerals & Supplements/Menopause"
74193031;"Health & Beauty/Categories/Diet & Nutrition/Vitamins, Minerals & Supplements/Pregnancy & Birth"
74195031;"Health & Beauty/Categories/Diet & Nutrition/Vitamins, Minerals & Supplements/Fibre"
74171031;"Health & Beauty/Categories/Diet & Nutrition/Vitamins, Minerals & Supplements"
74169031;"Health & Beauty/Categories/Diet & Nutrition/Weight Loss Appliances"
67621031;"Health & Beauty/Categories/Diet & Nutrition"
73993031;"Health & Beauty/Categories/Health Care/Alternative Therapy/Aromatherapy/Bathing Products"
73992031;"Health & Beauty/Categories/Health Care/Alternative Therapy/Aromatherapy/Creams"
73991031;"Health & Beauty/Categories/Health Care/Alternative Therapy/Aromatherapy/Oils"
73981031;"Health & Beauty/Categories/Health Care/Alternative Therapy/Aromatherapy"
73990031;"Health & Beauty/Categories/Health Care/Alternative Therapy/Gift Sets"
73983031;"Health & Beauty/Categories/Health Care/Alternative Therapy/Herbal Remedies"
73982031;"Health & Beauty/Categories/Health Care/Alternative Therapy/Homeopathy"
73986031;"Health & Beauty/Categories/Health Care/Alternative Therapy/Magnetic Therapy"
73985031;"Health & Beauty/Categories/Health Care/Alternative Therapy/Migraine Relief"
73987031;"Health & Beauty/Categories/Health Care/Alternative Therapy/Music Therapy"
265964031;"Health & Beauty/Categories/Health Care/Alternative Therapy/Pelvic Floor Toners"
73984031;"Health & Beauty/Categories/Health Care/Alternative Therapy/Seasonal Affective Disorder"
73988031;"Health & Beauty/Categories/Health Care/Alternative Therapy/Stress Relief"
73989031;"Health & Beauty/Categories/Health Care/Alternative Therapy/Weight Loss"
73899031;"Health & Beauty/Categories/Health Care/Alternative Therapy"
67625031;"Health & Beauty/Categories/Health Care/Diabetes/Lancets"
67626031;"Health & Beauty/Categories/Health Care/Diabetes/Monitors & Kits"
67628031;"Health & Beauty/Categories/Health Care/Diabetes/Insulin Pumps & Accessories"
67613031;"Health & Beauty/Categories/Health Care/Diabetes"
73964031;"Health & Beauty/Categories/Health Care/Family Planning/Contraception"
73965031;"Health & Beauty/Categories/Health Care/Family Planning/Fertility"
73966031;"Health & Beauty/Categories/Health Care/Family Planning/Pregnancy Testing Kits"
73967031;"Health & Beauty/Categories/Health Care/Family Planning/Ovulation Testing Kits"
73968031;"Health & Beauty/Categories/Health Care/Family Planning/Menopause Testing Kits"
67622031;"Health & Beauty/Categories/Health Care/Family Planning"
73900031;"Health & Beauty/Categories/Health Care/First Aid & Injury Prevention/Antiseptics & Disinfectants"
73901031;"Health & Beauty/Categories/Health Care/First Aid & Injury Prevention/Bandages & Supports"
73902031;"Health & Beauty/Categories/Health Care/First Aid & Injury Prevention/Plasters & Dressing"
73903031;"Health & Beauty/Categories/Health Care/First Aid & Injury Prevention/Compresses & Accessories"
73904031;"Health & Beauty/Categories/Health Care/First Aid & Injury Prevention/First Aid Kits"
73905031;"Health & Beauty/Categories/Health Care/First Aid & Injury Prevention/Cuts & Wounds"
73906031;"Health & Beauty/Categories/Health Care/First Aid & Injury Prevention/Tools & Implements"
73907031;"Health & Beauty/Categories/Health Care/First Aid & Injury Prevention/Burn Care"
67615031;"Health & Beauty/Categories/Health Care/First Aid & Injury Prevention"
73994031;"Health & Beauty/Categories/Health Care/Foot Care/Athletes Foot"
73998031;"Health & Beauty/Categories/Health Care/Foot Care/Blisters"
73997031;"Health & Beauty/Categories/Health Care/Foot Care/Corns, Callouses & Bunions"
74000031;"Health & Beauty/Categories/Health Care/Foot Care/Cracked Heels"
74001031;"Health & Beauty/Categories/Health Care/Foot Care/Dry & Hard Skin"
73995031;"Health & Beauty/Categories/Health Care/Foot Care/Foot Odour"
74005031;"Health & Beauty/Categories/Health Care/Foot Care/Foot Spas"
74003031;"Health & Beauty/Categories/Health Care/Foot Care/Heel Crack Repair"
73996031;"Health & Beauty/Categories/Health Care/Foot Care/Insoles & Orthotics"
74004031;"Health & Beauty/Categories/Health Care/Foot Care/Pampering"
74002031;"Health & Beauty/Categories/Health Care/Foot Care/Tools & Accessories"
73999031;"Health & Beauty/Categories/Health Care/Foot Care/Verruca & Wart"
73898031;"Health & Beauty/Categories/Health Care/Foot Care"
73913031;"Health & Beauty/Categories/Health Care/Medication/Insects, Allergy & Hay Fever Solutions/Oral"
73914031;"Health & Beauty/Categories/Health Care/Medication/Insects, Allergy & Hay Fever Solutions/Skin"
73915031;"Health & Beauty/Categories/Health Care/Medication/Insects, Allergy & Hay Fever Solutions/Eyes"
73916031;"Health & Beauty/Categories/Health Care/Medication/Insects, Allergy & Hay Fever Solutions/Nasal"
73917031;"Health & Beauty/Categories/Health Care/Medication/Insects, Allergy & Hay Fever Solutions/Insect Repellant"
73918031;"Health & Beauty/Categories/Health Care/Medication/Insects, Allergy & Hay Fever Solutions/Insect Bites"
73919031;"Health & Beauty/Categories/Health Care/Medication/Insects, Allergy & Hay Fever Solutions/Prickly Heat"
73908031;"Health & Beauty/Categories/Health Care/Medication/Insects, Allergy & Hay Fever Solutions"
73951031;"Health & Beauty/Categories/Health Care/Medication/Cold & Flu/Cold"
73950031;"Health & Beauty/Categories/Health Care/Medication/Cold & Flu/Cough"
73954031;"Health & Beauty/Categories/Health Care/Medication/Cold & Flu/Decongestants"
73952031;"Health & Beauty/Categories/Health Care/Medication/Cold & Flu/Fever"
73955031;"Health & Beauty/Categories/Health Care/Medication/Cold & Flu/Prevention"
73953031;"Health & Beauty/Categories/Health Care/Medication/Cold & Flu/Sore Throat"
73909031;"Health & Beauty/Categories/Health Care/Medication/Cold & Flu"
73958031;"Health & Beauty/Categories/Health Care/Medication/Pain Relief/Alternative Relief"
73956031;"Health & Beauty/Categories/Health Care/Medication/Pain Relief/Oral Relief"
73957031;"Health & Beauty/Categories/Health Care/Medication/Pain Relief/Topical Relief"
73959031;"Health & Beauty/Categories/Health Care/Medication/Pain Relief/Water Bottles & Heat Pads"
73910031;"Health & Beauty/Categories/Health Care/Medication/Pain Relief"
73961031;"Health & Beauty/Categories/Health Care/Medication/Stop Smoking/Gum"
73962031;"Health & Beauty/Categories/Health Care/Medication/Stop Smoking/Lozenges"
73963031;"Health & Beauty/Categories/Health Care/Medication/Stop Smoking/Nasal Spray & Inhalers"
73960031;"Health & Beauty/Categories/Health Care/Medication/Stop Smoking/Patches"
73911031;"Health & Beauty/Categories/Health Care/Medication/Stop Smoking"
73920031;"Health & Beauty/Categories/Health Care/Medication/General Complaints/Arthritis"
73932031;"Health & Beauty/Categories/Health Care/Medication/General Complaints/Bladder, Kidney, Prostate"
73921031;"Health & Beauty/Categories/Health Care/Medication/General Complaints/Bones"
73940031;"Health & Beauty/Categories/Health Care/Medication/General Complaints/Brain & Mind"
73933031;"Health & Beauty/Categories/Health Care/Medication/General Complaints/Bruising"
73925031;"Health & Beauty/Categories/Health Care/Medication/General Complaints/Cold Sores"
73946031;"Health & Beauty/Categories/Health Care/Medication/General Complaints/Constipation"
73924031;"Health & Beauty/Categories/Health Care/Medication/General Complaints/Cystitis"
73934031;"Health & Beauty/Categories/Health Care/Medication/General Complaints/Dehydration"
73943031;"Health & Beauty/Categories/Health Care/Medication/General Complaints/Diarrhoea"
73947031;"Health & Beauty/Categories/Health Care/Medication/General Complaints/Digestion Remedies"
73928031;"Health & Beauty/Categories/Health Care/Medication/General Complaints/Ears"
73944031;"Health & Beauty/Categories/Health Care/Medication/General Complaints/Haemorrhoids & Piles"
73935031;"Health & Beauty/Categories/Health Care/Medication/General Complaints/Head Lice"
73926031;"Health & Beauty/Categories/Health Care/Medication/General Complaints/Heart & Circulation"
73945031;"Health & Beauty/Categories/Health Care/Medication/General Complaints/Heartburn & Indigestion"
73939031;"Health & Beauty/Categories/Health Care/Medication/General Complaints/Immune System"
73936031;"Health & Beauty/Categories/Health Care/Medication/General Complaints/Incontinence"
73929031;"Health & Beauty/Categories/Health Care/Medication/General Complaints/Insomnia & Snore Relief"
73948031;"Health & Beauty/Categories/Health Care/Medication/General Complaints/Irritable Bowel Syndrome"
73937031;"Health & Beauty/Categories/Health Care/Medication/General Complaints/Itching"
73942031;"Health & Beauty/Categories/Health Care/Medication/General Complaints/Liver & Gall Bladder"
73927031;"Health & Beauty/Categories/Health Care/Medication/General Complaints/Lungs & Breathing"
73930031;"Health & Beauty/Categories/Health Care/Medication/General Complaints/Mouth Ulcer"
73938031;"Health & Beauty/Categories/Health Care/Medication/General Complaints/Muscles"
73922031;"Health & Beauty/Categories/Health Care/Medication/General Complaints/Rheumatism"
73931031;"Health & Beauty/Categories/Health Care/Medication/General Complaints/Skin"
73941031;"Health & Beauty/Categories/Health Care/Medication/General Complaints/Stress & Anxiety Relief"
73923031;"Health & Beauty/Categories/Health Care/Medication/General Complaints/Thrush"
73949031;"Health & Beauty/Categories/Health Care/Medication/General Complaints/Trapped Wind"
73912031;"Health & Beauty/Categories/Health Care/Medication/General Complaints"
67620031;"Health & Beauty/Categories/Health Care/Medication"
73969031;"Health & Beauty/Categories/Health Care/Scales, Medical Supplies & Equipment/Alcohol Sensors"
73976031;"Health & Beauty/Categories/Health Care/Scales, Medical Supplies & Equipment/Bathroom Scales & Body Fat Analysers"
73972031;"Health & Beauty/Categories/Health Care/Scales, Medical Supplies & Equipment/Blood Pressure Monitors"
73975031;"Health & Beauty/Categories/Health Care/Scales, Medical Supplies & Equipment/Blood Sugar Monitors"
73970031;"Health & Beauty/Categories/Health Care/Scales, Medical Supplies & Equipment/Calorie Counters"
73973031;"Health & Beauty/Categories/Health Care/Scales, Medical Supplies & Equipment/ECG & Defibrillators"
671752011;"Sports & Leisure/Categories/Fitness/Heart-rate & Fitness Monitors/Heart-rate Monitors"
73978031;"Health & Beauty/Categories/Health Care/Scales, Medical Supplies & Equipment/Mobility Aids/Walking Sticks"
74716031;"Health & Beauty/Categories/Health Care/Scales, Medical Supplies & Equipment/Mobility Aids/Crutches"
73979031;"Health & Beauty/Categories/Health Care/Scales, Medical Supplies & Equipment/Mobility Aids/Walking Frames & Accessories"
73980031;"Health & Beauty/Categories/Health Care/Scales, Medical Supplies & Equipment/Mobility Aids/Wheel Chairs & Accessories"
73977031;"Health & Beauty/Categories/Health Care/Scales, Medical Supplies & Equipment/Mobility Aids"
73974031;"Health & Beauty/Categories/Health Care/Scales, Medical Supplies & Equipment/Thermometers"
66477031;"Health & Beauty/Categories/Health Care/Scales, Medical Supplies & Equipment"
511667031;"Health & Beauty/Categories/Health Care/Sleep & Snoring"
66467031;"Health & Beauty/Categories/Health Care"
74083031;"Health & Beauty/Categories/Personal Care/Shaving & Hair Removal/Electric Shavers"
74085031;"Health & Beauty/Categories/Personal Care/Shaving & Hair Removal/Wet Razors"
74079031;"Health & Beauty/Categories/Personal Care/Shaving & Hair Removal/Discs"
74082031;"Health & Beauty/Categories/Personal Care/Shaving & Hair Removal/Electrolysis"
74080031;"Health & Beauty/Categories/Personal Care/Shaving & Hair Removal/Epilators"
66465031;"Health & Beauty/Categories/Personal Care/Shaving & Hair Removal"
66468031;"Health & Beauty/Categories/Personal Care"
66280031;"Health & Beauty/Categories"
