285260;"Video/Film & TV/Categories/Action & Adventure/All Action & Adventure"
501790;"Video/Film & TV/Categories/Action & Adventure/Comedy"
501792;"Video/Film & TV/Categories/Action & Adventure/Heroes & Heroines"
501788;"Video/Film & TV/Categories/Action & Adventure/Historical"
501794;"Video/Film & TV/Categories/Action & Adventure/James Bond"
501780;"Video/Film & TV/Categories/Action & Adventure/Martial Arts"
501786;"Video/Film & TV/Categories/Action & Adventure/Romantic"
501784;"Video/Film & TV/Categories/Action & Adventure/War"
501782;"Video/Film & TV/Categories/Action & Adventure/Westerns"
501778;"Video/Film & TV/Categories/Action & Adventure"
1025440;"Video/Film & TV/Categories/Adult/Ben Dover"
1025442;"Video/Film & TV/Categories/Adult/Emmanuelle"
1025444;"Video/Film & TV/Categories/Adult/Penthouse"
1025446;"Video/Film & TV/Categories/Adult/Playboy"
1025448;"Video/Film & TV/Categories/Adult/Retro Chic"
1025450;"Video/Film & TV/Categories/Adult/Sex Education"
1025436;"Video/Film & TV/Categories/Adult"
257115011;"Video/Film & TV/Categories/Anime/All Anime"
257116011;"Video/Film & TV/Categories/Anime/Angelic Layer"
257117011;"Video/Film & TV/Categories/Anime/Azumanga Daioh"
257118011;"Video/Film & TV/Categories/Anime/Bubblegum Crisis"
257119011;"Video/Film & TV/Categories/Anime/Chobits"
257120011;"Video/Film & TV/Categories/Anime/Chrono Crusade"
257121011;"Video/Film & TV/Categories/Anime/Cowboy Bebop"
257122011;"Video/Film & TV/Categories/Anime/DNAngel"
257123011;"Video/Film & TV/Categories/Anime/Dragonball Z"
257124011;"Video/Film & TV/Categories/Anime/Elfen Lied"
257125011;"Video/Film & TV/Categories/Anime/Escaflowne"
257126011;"Video/Film & TV/Categories/Anime/Final Fantasy"
257127011;"Video/Film & TV/Categories/Anime/Fist of the North Star"
257129011;"Video/Film & TV/Categories/Anime/Full Metal Panic"
257128011;"Video/Film & TV/Categories/Anime/Fullmetal Alchemist"
257130011;"Video/Film & TV/Categories/Anime/Get Backers"
257131011;"Video/Film & TV/Categories/Anime/Ghost in the Shell"
257132011;"Video/Film & TV/Categories/Anime/Gungrave"
257133011;"Video/Film & TV/Categories/Anime/Hellsing"
257134011;"Video/Film & TV/Categories/Anime/Kiddy Grade"
257135011;"Video/Film & TV/Categories/Anime/Last Exile"
257136011;"Video/Film & TV/Categories/Anime/Love Hina"
257137011;"Video/Film & TV/Categories/Anime/Mobile Suit Gundam"
257138011;"Video/Film & TV/Categories/Anime/Neon Genesis Evangelion"
257139011;"Video/Film & TV/Categories/Anime/Pokemon"
257140011;"Video/Film & TV/Categories/Anime/R.O.D. The TV"
257141011;"Video/Film & TV/Categories/Anime/Rahxephon"
257142011;"Video/Film & TV/Categories/Anime/Robotech"
257143011;"Video/Film & TV/Categories/Anime/Rune Soldier"
257144011;"Video/Film & TV/Categories/Anime/Sailor Moon"
257145011;"Video/Film & TV/Categories/Anime/Samurai Champloo"
257146011;"Video/Film & TV/Categories/Anime/She, The Ultimate Weapon"
257147011;"Video/Film & TV/Categories/Anime/Street Fighter"
257148011;"Video/Film & TV/Categories/Anime/Studio Ghibli"
257149011;"Video/Film & TV/Categories/Anime/Texhnolyze"
257150011;"Video/Film & TV/Categories/Anime/Trigun"
257151011;"Video/Film & TV/Categories/Anime/Vampire Princess Miyu"
257152011;"Video/Film & TV/Categories/Anime/Wolf's Rain"
257153011;"Video/Film & TV/Categories/Anime/Yu-Gi-Oh"
257154011;"Video/Film & TV/Categories/Anime/Zone of the Enders"
3336941;"Video/Film & TV/Categories/Anime"
1027490;"Video/Film & TV/Categories/Children's/Characters & Series/Barney"
1027518;"Video/Film & TV/Categories/Children's/Characters & Series/Bear in the Big Blue House"
3896941;"Video/Film & TV/Categories/Children's/Characters & Series/Fimbles"
1027624;"Video/Film & TV/Categories/Children's/Ages 0-2/Other Characters"
1027500;"Video/Film & TV/Categories/Children's/Characters & Series/Songs & Rhymes"
1027504;"Video/Film & TV/Categories/Children's/Characters & Series/Teletubbies"
1090824;"Video/Film & TV/Categories/Children's/Characters & Series/Thomas the Tank Engine"
1027522;"Video/Film & TV/Categories/Children's/Characters & Series/Tweenies"
1027486;"Video/Film & TV/Categories/Children's/Ages 0-2"
1027490;"Video/Film & TV/Categories/Children's/Characters & Series/Barney"
1027518;"Video/Film & TV/Categories/Children's/Characters & Series/Bear in the Big Blue House"
1027492;"Video/Film & TV/Categories/Children's/Characters & Series/Beatrix Potter"
1027496;"Video/Film & TV/Categories/Children's/Characters & Series/Chorlton and the Wheelies"
3896941;"Video/Film & TV/Categories/Children's/Characters & Series/Fimbles"
1027528;"Video/Film & TV/Categories/Children's/Ages 3-4/Other Characters"
1027500;"Video/Film & TV/Categories/Children's/Characters & Series/Songs & Rhymes"
1090824;"Video/Film & TV/Categories/Children's/Characters & Series/Thomas the Tank Engine"
1027522;"Video/Film & TV/Categories/Children's/Characters & Series/Tweenies"
1027526;"Video/Film & TV/Categories/Children's/Ages 3-4"
1027492;"Video/Film & TV/Categories/Children's/Characters & Series/Beatrix Potter"
1027494;"Video/Film & TV/Categories/Children's/Characters & Series/Captain Scarlet"
1027534;"Video/Film & TV/Categories/Children's/Ages 5-8/Characters & Series/Other Characters"
1027498;"Video/Film & TV/Categories/Children's/Characters & Series/Pok&eacute;mon"
1027502;"Video/Film & TV/Categories/Children's/Characters & Series/Stingray"
1027532;"Video/Film & TV/Categories/Children's/Ages 5-8/Characters & Series"
1027558;"Video/Film & TV/Categories/Children's/Educational/Discovery Channel"
1027560;"Video/Film & TV/Categories/Children's/Educational/Eyewitness"
1027562;"Video/Film & TV/Categories/Children's/Educational/National Geographic"
1027616;"Video/Film & TV/Categories/Children's/Ages 5-8/Educational"
1027568;"Video/Film & TV/Categories/Children's/Music/Karaoke"
1162296;"Video/Film & TV/Categories/Children's/Music/Musicals"
1027570;"Video/Film & TV/Categories/Children's/Music/Pop Idols"
1027566;"Video/Film & TV/Categories/Children's/Music"
1027530;"Video/Film & TV/Categories/Children's/Ages 5-8"
1027622;"Video/Film & TV/Categories/Children's/Ages 9-11/Characters & Series/Other Characters"
1027498;"Video/Film & TV/Categories/Children's/Characters & Series/Pok&eacute;mon"
3020551;"Video/Film & TV/Categories/Children's/Characters & Series/Star Wars"
1027510;"Video/Film & TV/Categories/Children's/Characters & Series/Toy Story"
1027548;"Video/Film & TV/Categories/Children's/Characters & Series/Transformers"
1027620;"Video/Film & TV/Categories/Children's/Ages 9-11/Characters & Series"
1027558;"Video/Film & TV/Categories/Children's/Educational/Discovery Channel"
1027560;"Video/Film & TV/Categories/Children's/Educational/Eyewitness"
1027562;"Video/Film & TV/Categories/Children's/Educational/National Geographic"
1027626;"Video/Film & TV/Categories/Children's/Ages 9-11/Educational"
1027568;"Video/Film & TV/Categories/Children's/Music/Karaoke"
1162296;"Video/Film & TV/Categories/Children's/Music/Musicals"
1027570;"Video/Film & TV/Categories/Children's/Music/Pop Idols"
1027566;"Video/Film & TV/Categories/Children's/Music"
1027618;"Video/Film & TV/Categories/Children's/Ages 9-11"
1027628;"Video/Film & TV/Categories/Children's/All Children's"
1027544;"Video/Film & TV/Categories/Children's/Characters & Series/Aardman"
1027494;"Video/Film & TV/Categories/Children's/Characters & Series/Captain Scarlet"
1027550;"Video/Film & TV/Categories/Children's/Animation/Disney"
1027552;"Video/Film & TV/Categories/Children's/Animation/Other"
1027502;"Video/Film & TV/Categories/Children's/Characters & Series/Stingray"
1027510;"Video/Film & TV/Categories/Children's/Characters & Series/Toy Story"
1027548;"Video/Film & TV/Categories/Children's/Characters & Series/Transformers"
501864;"Video/Film & TV/Categories/Children's/Animation"
1027544;"Video/Film & TV/Categories/Children's/Characters & Series/Aardman"
1027490;"Video/Film & TV/Categories/Children's/Characters & Series/Barney"
1027518;"Video/Film & TV/Categories/Children's/Characters & Series/Bear in the Big Blue House"
1027492;"Video/Film & TV/Categories/Children's/Characters & Series/Beatrix Potter"
1027494;"Video/Film & TV/Categories/Children's/Characters & Series/Captain Scarlet"
1027496;"Video/Film & TV/Categories/Children's/Characters & Series/Chorlton and the Wheelies"
1100638;"Video/Film & TV/Categories/Children's/Disney/All Titles"
1027550;"Video/Film & TV/Categories/Children's/Animation/Disney"
1100642;"Video/Film & TV/Categories/Children's/Disney/Christmas"
1100644;"Video/Film & TV/Categories/Children's/Disney/Family Films"
1100646;"Video/Film & TV/Categories/Children's/Disney/Little Ones"
1027540;"Video/Film & TV/Categories/Children's/Disney/Walt Disney Classics"
1027542;"Video/Film & TV/Categories/Children's/Disney/Winnie-the-Pooh"
501860;"Video/Film & TV/Categories/Children's/Disney"
3896941;"Video/Film & TV/Categories/Children's/Characters & Series/Fimbles"
3431921;"Video/Film & TV/Categories/Children's/Characters & Series/Harry Potter"
1027498;"Video/Film & TV/Categories/Children's/Characters & Series/Pok&eacute;mon"
1027500;"Video/Film & TV/Categories/Children's/Characters & Series/Songs & Rhymes"
3020551;"Video/Film & TV/Categories/Children's/Characters & Series/Star Wars"
1027502;"Video/Film & TV/Categories/Children's/Characters & Series/Stingray"
1027504;"Video/Film & TV/Categories/Children's/Characters & Series/Teletubbies"
1090824;"Video/Film & TV/Categories/Children's/Characters & Series/Thomas the Tank Engine"
501932;"Video/Film & TV/Categories/Television/TV Series/Thunderbirds"
1027510;"Video/Film & TV/Categories/Children's/Characters & Series/Toy Story"
1027548;"Video/Film & TV/Categories/Children's/Characters & Series/Transformers"
1027522;"Video/Film & TV/Categories/Children's/Characters & Series/Tweenies"
1027524;"Video/Film & TV/Categories/Children's/Characters & Series/Other Characters"
1027488;"Video/Film & TV/Categories/Children's/Characters & Series"
12850001;"Video/Film & TV/Categories/Children's/Childcare & Parenting"
1100638;"Video/Film & TV/Categories/Children's/Disney/All Titles"
1027550;"Video/Film & TV/Categories/Children's/Animation/Disney"
1100642;"Video/Film & TV/Categories/Children's/Disney/Christmas"
1100644;"Video/Film & TV/Categories/Children's/Disney/Family Films"
1100646;"Video/Film & TV/Categories/Children's/Disney/Little Ones"
1027540;"Video/Film & TV/Categories/Children's/Disney/Walt Disney Classics"
1027542;"Video/Film & TV/Categories/Children's/Disney/Winnie-the-Pooh"
501860;"Video/Film & TV/Categories/Children's/Disney"
1027490;"Video/Film & TV/Categories/Children's/Characters & Series/Barney"
1027518;"Video/Film & TV/Categories/Children's/Characters & Series/Bear in the Big Blue House"
1027504;"Video/Film & TV/Categories/Children's/Characters & Series/Teletubbies"
1027522;"Video/Film & TV/Categories/Children's/Characters & Series/Tweenies"
1027564;"Video/Film & TV/Categories/Children's/Educational/Characters & Series/Other Characters"
1027556;"Video/Film & TV/Categories/Children's/Educational/Characters & Series"
1027558;"Video/Film & TV/Categories/Children's/Educational/Discovery Channel"
1027560;"Video/Film & TV/Categories/Children's/Educational/Eyewitness"
1027562;"Video/Film & TV/Categories/Children's/Educational/National Geographic"
1027536;"Video/Film & TV/Categories/Children's/Educational"
1027512;"Video/Film & TV/Categories/Children's/Family Favourites/Classic Family Films"
1027514;"Video/Film & TV/Categories/Children's/Family Favourites/Classic TV"
501862;"Video/Film & TV/Categories/Children's/Family Favourites"
1027568;"Video/Film & TV/Categories/Children's/Music/Karaoke"
1162296;"Video/Film & TV/Categories/Children's/Music/Musicals"
1027570;"Video/Film & TV/Categories/Children's/Music/Pop Idols"
1027566;"Video/Film & TV/Categories/Children's/Music"
501858;"Video/Film & TV/Categories/Children's"
501978;"Video/Film & TV/Categories/Classics/Children's"
501980;"Video/Film & TV/Categories/Classics/Comedy"
1408229031;"Video/Film & TV/Categories/Classics/Crime"
501982;"Video/Film & TV/Categories/Classics/Drama"
501984;"Video/Film & TV/Categories/Classics/Horror & Suspense"
501986;"Video/Film & TV/Categories/Classics/Musicals"
501988;"Video/Film & TV/Categories/Classics/Science Fiction & Fantasy"
501992;"Video/Film & TV/Categories/Classics/Silent"
501990;"Video/Film & TV/Categories/Classics/War and Westerns"
501976;"Video/Film & TV/Categories/Classics"
285264;"Video/Film & TV/Categories/Comedy/All Comedy"
501868;"Video/Film & TV/Categories/Comedy/Animated"
501870;"Video/Film & TV/Categories/Comedy/Romantic"
293964011;"Video/Film & TV/Categories/Comedy/Stand-Up"
501866;"Video/Film & TV/Categories/Comedy"
165472011;"Video/Film & TV/Categories/Crime, Thrillers & Mystery/Alfred Hitchcock"
165489011;"Video/Film & TV/Categories/Crime, Thrillers & Mystery/James Bond"
501884;"Video/Film & TV/Categories/Crime, Thrillers & Mystery/Thrillers"
285266;"Video/Film & TV/Categories/Crime, Thrillers & Mystery/All Crime, Thrillers & Mystery"
501880;"Video/Film & TV/Categories/Crime, Thrillers & Mystery"
501964;"Video/Film & TV/Categories/Documentary/All Documentaries"
12849981;"Video/Film & TV/Categories/Documentary/Art & Antiques"
501968;"Video/Film & TV/Categories/Documentary/Food & Drink"
12850301;"Video/Film & TV/Categories/Documentary/Gardening"
12850231;"Video/Film & TV/Categories/Documentary/History"
12850261;"Video/Film & TV/Categories/Documentary/Instructional"
503422;"Video/Film & TV/Categories/Documentary/Military & War"
503420;"Video/Film & TV/Categories/Documentary/Natural World"
342351011;"Video/Film & TV/Categories/Documentary/Politics"
12850271;"Video/Film & TV/Categories/Documentary/Religious"
16281371;"Video/Film & TV/Categories/Documentary/Transport"
12849991;"Video/Film & TV/Categories/Documentary/Travel"
501958;"Video/Film & TV/Categories/Documentary"
501874;"Video/Film & TV/Categories/Drama/Comedy"
501876;"Video/Film & TV/Categories/Drama/Historical"
501878;"Video/Film & TV/Categories/Drama/Period"
501872;"Video/Film & TV/Categories/Drama"
295574011;"Video/Film & TV/Categories/Fitness/Aerobics"
295575011;"Video/Film & TV/Categories/Fitness/Dance"
295576011;"Video/Film & TV/Categories/Fitness/Pilates"
295577011;"Video/Film & TV/Categories/Fitness/Tae-Bo"
295578011;"Video/Film & TV/Categories/Fitness/Tai Chi"
295579011;"Video/Film & TV/Categories/Fitness/Yoga"
295580011;"Video/Film & TV/Categories/Fitness/All Fitness"
501954;"Video/Film & TV/Categories/Fitness"
168711011;"Video/Film & TV/Categories/Gay & Lesbian/Millivres Multimedia"
168712011;"Video/Film & TV/Categories/Gay & Lesbian/Peccadillo"
168713011;"Video/Film & TV/Categories/Gay & Lesbian/Pride Video Productions"
168714011;"Video/Film & TV/Categories/Gay & Lesbian/Prowler Press"
168715011;"Video/Film & TV/Categories/Gay & Lesbian/TLA Releasing"
168710011;"Video/Film & TV/Categories/Gay & Lesbian"
162449011;"Video/Film & TV/Categories/Horror/Asian Horror"
162448011;"Video/Film & TV/Categories/Horror/Comedy Horror"
162446011;"Video/Film & TV/Categories/Horror/Devils, Demons & Exorcisms"
501882;"Video/Film & TV/Categories/Horror/Film Series"
501886;"Video/Film & TV/Categories/Horror/Foreign Horror Films"
162445011;"Video/Film & TV/Categories/Horror/Ghosts & Hauntings"
162447011;"Video/Film & TV/Categories/Horror/Slasher Movies"
162443011;"Video/Film & TV/Categories/Horror/Vampires"
162444011;"Video/Film & TV/Categories/Horror/Zombies"
162441011;"Video/Film & TV/Categories/Horror"
162440011;"Video/Film & TV/Categories/Interactive"
1160910;"Video/Film & TV/Categories/Music/Artists & Bands/Backstreet Boys"
1160912;"Video/Film & TV/Categories/Music/Artists & Bands/Beatles, The"
1160914;"Video/Film & TV/Categories/Music/Artists & Bands/Bee Gees"
1160916;"Video/Film & TV/Categories/Music/Artists & Bands/Bjork"
1160918;"Video/Film & TV/Categories/Music/Artists & Bands/Dion, Celine"
1160920;"Video/Film & TV/Categories/Music/Artists & Bands/Doors, The"
1160940;"Video/Film & TV/Categories/Music/Artists & Bands/Eminem"
1160922;"Video/Film & TV/Categories/Music/Artists & Bands/Genesis"
1160988;"Video/Film & TV/Categories/Music/Artists & Bands/Gillespie, Dizzy"
1160924;"Video/Film & TV/Categories/Music/Artists & Bands/Hendrix, Jimi"
1160926;"Video/Film & TV/Categories/Music/Artists & Bands/Jackson, Michael"
1160928;"Video/Film & TV/Categories/Music/Artists & Bands/John, Elton"
1160930;"Video/Film & TV/Categories/Music/Artists & Bands/Jones, Tom"
1160932;"Video/Film & TV/Categories/Music/Artists & Bands/Madonna"
1160934;"Video/Film & TV/Categories/Music/Artists & Bands/Nelson, Willie"
1160936;"Video/Film & TV/Categories/Music/Artists & Bands/Oasis"
1160938;"Video/Film & TV/Categories/Music/Artists & Bands/Presley, Elvis"
1160942;"Video/Film & TV/Categories/Music/Artists & Bands/Rolling Stones"
1160944;"Video/Film & TV/Categories/Music/Artists & Bands/Sade"
1160946;"Video/Film & TV/Categories/Music/Artists & Bands/Snoop Dogg"
1160948;"Video/Film & TV/Categories/Music/Artists & Bands/Spears, Britney"
1160950;"Video/Film & TV/Categories/Music/Artists & Bands/Stereophonics"
1160952;"Video/Film & TV/Categories/Music/Artists & Bands/Turner, Tina"
1160992;"Video/Film & TV/Categories/Music/Artists & Bands/U2"
1160990;"Video/Film & TV/Categories/Music/Artists & Bands/Westlife"
1160994;"Video/Film & TV/Categories/Music/Artists & Bands/Who, The"
1160996;"Video/Film & TV/Categories/Music/Artists & Bands/Williams, Robbie"
1160908;"Video/Film & TV/Categories/Music/Artists & Bands"
1160954;"Video/Film & TV/Categories/Music/Blues"
1160958;"Video/Film & TV/Categories/Music/Concerts"
1160956;"Video/Film & TV/Categories/Music/Country"
1160998;"Video/Film & TV/Categories/Music/DVD Singles"
12850281;"Video/Film & TV/Categories/Music/Easy Listening"
12850211;"Video/Film & TV/Categories/Music/Gospel & Spiritual"
12850241;"Video/Film & TV/Categories/Music/Instructional"
1160960;"Video/Film & TV/Categories/Music/Jazz"
1160962;"Video/Film & TV/Categories/Music/Karaoke"
1160968;"Video/Film & TV/Categories/Music/Pop & Dance/Adult Pop"
1161000;"Video/Film & TV/Categories/Music/Pop & Dance/Chart Pop"
1160970;"Video/Film & TV/Categories/Music/Pop & Dance/Dance"
1160966;"Video/Film & TV/Categories/Music/Pop & Dance"
1160964;"Video/Film & TV/Categories/Music/R&B and Soul"
1160972;"Video/Film & TV/Categories/Music/Rap & Hip-Hop"
1160978;"Video/Film & TV/Categories/Music/Rock/Classic & Prog Rock"
1160980;"Video/Film & TV/Categories/Music/Rock/Hard Rock & Metal"
1160984;"Video/Film & TV/Categories/Music/Rock/Indie & Britpop"
1160982;"Video/Film & TV/Categories/Music/Rock/Punk"
1160976;"Video/Film & TV/Categories/Music/Rock/Rock"
1160974;"Video/Film & TV/Categories/Music/Rock"
1160986;"Video/Film & TV/Categories/Music/World & Folk"
501888;"Video/Film & TV/Categories/Music"
501894;"Video/Film & TV/Categories/Musicals & Classical/Ballet & Dance"
501890;"Video/Film & TV/Categories/Musicals & Classical/Classical Music/All Classical Music"
1160874;"Video/Film & TV/Categories/Musicals & Classical/Classical Music/Choral Music"
1160850;"Video/Film & TV/Categories/Musicals & Classical/Classical Music/Composers/Bach"
1160852;"Video/Film & TV/Categories/Musicals & Classical/Classical Music/Composers/Beethoven"
1160854;"Video/Film & TV/Categories/Musicals & Classical/Classical Music/Composers/Bruckner"
1160856;"Video/Film & TV/Categories/Musicals & Classical/Classical Music/Composers/Grieg"
1160858;"Video/Film & TV/Categories/Musicals & Classical/Classical Music/Composers/Handel"
1160860;"Video/Film & TV/Categories/Musicals & Classical/Classical Music/Composers/Mozart"
1160862;"Video/Film & TV/Categories/Musicals & Classical/Classical Music/Composers/Strauss"
1160864;"Video/Film & TV/Categories/Musicals & Classical/Classical Music/Composers/Tchaikovsky"
1160866;"Video/Film & TV/Categories/Musicals & Classical/Classical Music/Composers/Verdi"
1160868;"Video/Film & TV/Categories/Musicals & Classical/Classical Music/Composers/Vivaldi"
1160870;"Video/Film & TV/Categories/Musicals & Classical/Classical Music/Composers/Wagner"
1160848;"Video/Film & TV/Categories/Musicals & Classical/Classical Music/Composers"
1160872;"Video/Film & TV/Categories/Musicals & Classical/Classical Music/New Year Concerts & The Proms"
1160846;"Video/Film & TV/Categories/Musicals & Classical/Classical Music"
1160906;"Video/Film & TV/Categories/Musicals & Classical/Musicals & Stage Performances/Childrens"
1160900;"Video/Film & TV/Categories/Musicals & Classical/Musicals & Stage Performances/Classic"
1160902;"Video/Film & TV/Categories/Musicals & Classical/Musicals & Stage Performances/Film Musicals"
1160904;"Video/Film & TV/Categories/Musicals & Classical/Musicals & Stage Performances/Stage Shows"
1160898;"Video/Film & TV/Categories/Musicals & Classical/Musicals & Stage Performances"
501896;"Video/Film & TV/Categories/Musicals & Classical/Opera/All Opera"
1160880;"Video/Film & TV/Categories/Musicals & Classical/Opera/Composers/Donizetti"
1160882;"Video/Film & TV/Categories/Musicals & Classical/Opera/Composers/Mozart"
1160884;"Video/Film & TV/Categories/Musicals & Classical/Opera/Composers/Offenbach"
1160886;"Video/Film & TV/Categories/Musicals & Classical/Opera/Composers/Puccini"
1160888;"Video/Film & TV/Categories/Musicals & Classical/Opera/Composers/Rossini"
1160890;"Video/Film & TV/Categories/Musicals & Classical/Opera/Composers/Strauss"
1160892;"Video/Film & TV/Categories/Musicals & Classical/Opera/Composers/Verdi"
1160894;"Video/Film & TV/Categories/Musicals & Classical/Opera/Composers/Wagner"
1160878;"Video/Film & TV/Categories/Musicals & Classical/Opera/Composers"
1160896;"Video/Film & TV/Categories/Musicals & Classical/Opera/Operatic Recitals"
1160876;"Video/Film & TV/Categories/Musicals & Classical/Opera"
1108824;"Video/Film & TV/Categories/Musicals & Classical"
285268;"Video/Film & TV/Categories/Science Fiction & Fantasy/All Science Fiction & Fantasy"
501918;"Video/Film & TV/Categories/Science Fiction & Fantasy/Animated"
501914;"Video/Film & TV/Categories/Science Fiction & Fantasy/Fantasy & Futuristic"
501916;"Video/Film & TV/Categories/Science Fiction & Fantasy/Science Fiction"
501912;"Video/Film & TV/Categories/Science Fiction & Fantasy"
285269;"Video/Film & TV/Categories/Sports/All Sports"
1027572;"Video/Film & TV/Categories/Sports/Angling"
1027574;"Video/Film & TV/Categories/Sports/Compilations"
1027576;"Video/Film & TV/Categories/Sports/Cricket"
1027578;"Video/Film & TV/Categories/Sports/Football/Football Clubs"
1027582;"Video/Film & TV/Categories/Sports/Football/League & Cups"
501942;"Video/Film & TV/Categories/Sports/Football"
501946;"Video/Film & TV/Categories/Sports/Golf"
1027584;"Video/Film & TV/Categories/Sports/Motor Sport/Formula One"
1027588;"Video/Film & TV/Categories/Sports/Motor Sport/Rally"
1027590;"Video/Film & TV/Categories/Sports/Motor Sport/Thrills & Spills"
501948;"Video/Film & TV/Categories/Sports/Motor Sport"
1027594;"Video/Film & TV/Categories/Sports/Motorcycle Sports/Grand Prix"
1027600;"Video/Film & TV/Categories/Sports/Motorcycle Sports/TT & Road Racing"
1027598;"Video/Film & TV/Categories/Sports/Motorcycle Sports/Thrills & Spills"
1027592;"Video/Film & TV/Categories/Sports/Motorcycle Sports"
501944;"Video/Film & TV/Categories/Sports/Rugby"
1027602;"Video/Film & TV/Categories/Sports/Water Sports"
1027608;"Video/Film & TV/Categories/Sports/Wrestling & Martial-Arts/Boxing"
1027610;"Video/Film & TV/Categories/Sports/Wrestling & Martial-Arts/Kickboxing"
1027612;"Video/Film & TV/Categories/Sports/Wrestling & Martial-Arts/Martial Arts"
1027614;"Video/Film & TV/Categories/Sports/Wrestling & Martial-Arts/Wrestling"
501952;"Video/Film & TV/Categories/Sports/Wrestling & Martial-Arts"
295573011;"Video/Film & TV/Categories/Sports"
546262031;"Video/Film & TV/Categories/Television/Action"
285270;"Video/Film & TV/Categories/Television/All Television"
501960;"Video/Film & TV/Categories/Television/Children's TV"
501962;"Video/Film & TV/Categories/Television/Comedy"
165470011;"Video/Film & TV/Categories/Television/Crime, Thrillers & Mystery/24"
165471011;"Video/Film & TV/Categories/Television/Crime, Thrillers & Mystery/A Touch of Frost"
165473011;"Video/Film & TV/Categories/Television/Crime, Thrillers & Mystery/Alias"
165474011;"Video/Film & TV/Categories/Television/Crime, Thrillers & Mystery/Cadfael"
165476011;"Video/Film & TV/Categories/Television/Crime, Thrillers & Mystery/Columbo"
165475011;"Video/Film & TV/Categories/Television/Crime, Thrillers & Mystery/CSI"
165477011;"Video/Film & TV/Categories/Television/Crime, Thrillers & Mystery/Inspector Morse"
165478011;"Video/Film & TV/Categories/Television/Crime, Thrillers & Mystery/Kojak"
165479011;"Video/Film & TV/Categories/Television/Crime, Thrillers & Mystery/Law & Order"
165483011;"Video/Film & TV/Categories/Television/Crime, Thrillers & Mystery/Midsomer Murders"
165482011;"Video/Film & TV/Categories/Television/Crime, Thrillers & Mystery/Miss Marple"
165484011;"Video/Film & TV/Categories/Television/Crime, Thrillers & Mystery/Monk"
165480011;"Video/Film & TV/Categories/Television/Crime, Thrillers & Mystery/Poirot"
165481011;"Video/Film & TV/Categories/Television/Crime, Thrillers & Mystery/Prime Suspect"
165485011;"Video/Film & TV/Categories/Television/Crime, Thrillers & Mystery/Sherlock Holmes"
165486011;"Video/Film & TV/Categories/Television/Crime, Thrillers & Mystery/Spooks"
165487011;"Video/Film & TV/Categories/Television/Crime, Thrillers & Mystery/Starsky & Hutch"
165488011;"Video/Film & TV/Categories/Television/Crime, Thrillers & Mystery/The Sopranos"
211052031;"Video/Film & TV/Categories/Television/Crime, Thrillers & Mystery/General AAS"
16281381;"Video/Film & TV/Categories/Television/Crime, Thrillers & Mystery"
501966;"Video/Film & TV/Categories/Television/Drama"
501970;"Video/Film & TV/Categories/Television/Horror"
503424;"Video/Film & TV/Categories/Television/Music & Entertainment"
503420;"Video/Film & TV/Categories/Documentary/Natural World"
1439892031;"Video/Film & TV/Categories/Television/Reality TV"
501972;"Video/Film & TV/Categories/Television/Science Fiction & Fantasy"
501974;"Video/Film & TV/Categories/Television/Soaps"
12971161;"Video/Film & TV/Categories/Television/TV Series/Absolutely Fabulous"
12971151;"Video/Film & TV/Categories/Television/TV Series/Alan Partridge"
12971331;"Video/Film & TV/Categories/Television/TV Series/Ali G"
12970851;"Video/Film & TV/Categories/Television/TV Series/Alias"
12971061;"Video/Film & TV/Categories/Television/TV Series/All Creatures Great And Small"
12971471;"Video/Film & TV/Categories/Television/TV Series/An Audience with....."
12971371;"Video/Film & TV/Categories/Television/TV Series/Auf Wiedersehen Pet"
12970751;"Video/Film & TV/Categories/Television/TV Series/Babylon 5"
12971091;"Video/Film & TV/Categories/Television/TV Series/Bad Girls"
12970821;"Video/Film & TV/Categories/Television/TV Series/Barney"
12971421;"Video/Film & TV/Categories/Television/TV Series/Battlefield"
12970871;"Video/Film & TV/Categories/Television/TV Series/Battlestar Galactica"
12971451;"Video/Film & TV/Categories/Television/TV Series/Beyblade"
12971361;"Video/Film & TV/Categories/Television/TV Series/Big Brother"
12970951;"Video/Film & TV/Categories/Television/TV Series/Black Adder"
12970761;"Video/Film & TV/Categories/Television/TV Series/Blake's 7"
12971261;"Video/Film & TV/Categories/Television/TV Series/Bo Selecta"
1027494;"Video/Film & TV/Categories/Children's/Characters & Series/Captain Scarlet"
1027496;"Video/Film & TV/Categories/Children's/Characters & Series/Chorlton and the Wheelies"
12970921;"Video/Film & TV/Categories/Television/TV Series/Cold Feet"
12971181;"Video/Film & TV/Categories/Television/TV Series/Coupling"
12971031;"Video/Film & TV/Categories/Television/TV Series/Cracker"
12970861;"Video/Film & TV/Categories/Television/TV Series/CSI - Crime Scene Investigation"
12971461;"Video/Film & TV/Categories/Television/TV Series/David Attenborough"
12971251;"Video/Film & TV/Categories/Television/TV Series/Dawsons Creek"
501934;"Video/Film & TV/Categories/Television/TV Series/Doctor Who"
161662031;"Video/Film & TV/Categories/Television/TV Series/ER"
501924;"Video/Film & TV/Categories/Television/TV Series/Farscape"
12971351;"Video/Film & TV/Categories/Television/TV Series/Fast Show"
12971101;"Video/Film & TV/Categories/Television/TV Series/Father Ted"
12971241;"Video/Film & TV/Categories/Television/TV Series/Fawlty Towers"
3896941;"Video/Film & TV/Categories/Children's/Characters & Series/Fimbles"
12971401;"Video/Film & TV/Categories/Television/TV Series/Forsyte Saga"
12970971;"Video/Film & TV/Categories/Television/TV Series/Frasier"
12971231;"Video/Film & TV/Categories/Television/TV Series/Gimme, Gimme, Gimme"
12971431;"Video/Film & TV/Categories/Television/TV Series/Gladiators of World War II"
12970841;"Video/Film & TV/Categories/Television/TV Series/Hercules - The Legendary Journeys"
161663031;"Video/Film & TV/Categories/Television/TV Series/Hustle"
12971011;"Video/Film & TV/Categories/Television/TV Series/Inspector Morse"
12971051;"Video/Film & TV/Categories/Television/TV Series/Jeeves And Wooster"
12970791;"Video/Film & TV/Categories/Television/TV Series/M*A*S*H"
12971001;"Video/Film & TV/Categories/Television/TV Series/Minder"
12971441;"Video/Film & TV/Categories/Television/TV Series/National Geographic"
257138011;"Video/Film & TV/Categories/Anime/Neon Genesis Evangelion"
12970801;"Video/Film & TV/Categories/Television/TV Series/NYPD Blue"
12970891;"Video/Film & TV/Categories/Television/TV Series/Only Fools & Horses"
12970771;"Video/Film & TV/Categories/Television/TV Series/Outer Limits"
161668031;"Video/Film & TV/Categories/Television/TV Series/Peep Show"
12971041;"Video/Film & TV/Categories/Television/TV Series/Phoenix Nights"
1027498;"Video/Film & TV/Categories/Children's/Characters & Series/Pok&eacute;mon"
12970781;"Video/Film & TV/Categories/Television/TV Series/Red Dwarf"
12971221;"Video/Film & TV/Categories/Television/TV Series/Robot Wars"
12971321;"Video/Film & TV/Categories/Television/TV Series/Royle Family"
12971131;"Video/Film & TV/Categories/Television/TV Series/Scarlet Pimpernel"
12970961;"Video/Film & TV/Categories/Television/TV Series/Sex And The City"
161666031;"Video/Film & TV/Categories/Television/TV Series/Shameless"
12971121;"Video/Film & TV/Categories/Television/TV Series/Sherlock Holmes"
161667031;"Video/Film & TV/Categories/Television/TV Series/Skins"
12970881;"Video/Film & TV/Categories/Television/TV Series/Smallville"
12971311;"Video/Film & TV/Categories/Television/TV Series/South Park"
345210031;"Video/Film & TV/Categories/Television/TV Series/Star Trek/Classic"
3302881;"Video/Film & TV/Categories/Television/TV Series/Star Trek/Deep Space Nine"
345209031;"Video/Film & TV/Categories/Television/TV Series/Star Trek/Enterprise"
3302891;"Video/Film & TV/Categories/Television/TV Series/Star Trek/Next Generation"
345208031;"Video/Film & TV/Categories/Television/TV Series/Star Trek/Voyager"
3302871;"Video/Film & TV/Categories/Television/TV Series/Star Trek"
501922;"Video/Film & TV/Categories/Television/TV Series/Stargate SG-1"
1027502;"Video/Film & TV/Categories/Children's/Characters & Series/Stingray"
161665031;"Video/Film & TV/Categories/Television/TV Series/Supernatural"
1027504;"Video/Film & TV/Categories/Children's/Characters & Series/Teletubbies"
12970741;"Video/Film & TV/Categories/Television/TV Series/The Avengers"
12970901;"Video/Film & TV/Categories/Television/TV Series/The Chronicles of Narnia"
12971071;"Video/Film & TV/Categories/Television/TV Series/The Darling Buds Of May"
12971141;"Video/Film & TV/Categories/Television/TV Series/The Good Life"
12971081;"Video/Film & TV/Categories/Television/TV Series/The League Of Gentlemen"
161664031;"Video/Film & TV/Categories/Television/TV Series/The OC"
12971281;"Video/Film & TV/Categories/Television/TV Series/The Office"
12971291;"Video/Film & TV/Categories/Television/TV Series/The Osbournes"
12970981;"Video/Film & TV/Categories/Television/TV Series/The Prisoner"
12971111;"Video/Film & TV/Categories/Television/TV Series/The Saint"
1027520;"Video/Film & TV/Categories/Television/TV Series/The Simpsons"
161660031;"Video/Film & TV/Categories/Television/TV Series/The Sopranos"
12970991;"Video/Film & TV/Categories/Television/TV Series/The Sweeney"
12970811;"Video/Film & TV/Categories/Television/TV Series/The Tweenies"
161659031;"Video/Film & TV/Categories/Television/TV Series/The Wire"
1090824;"Video/Film & TV/Categories/Children's/Characters & Series/Thomas the Tank Engine"
501932;"Video/Film & TV/Categories/Television/TV Series/Thunderbirds"
12971021;"Video/Film & TV/Categories/Television/TV Series/Touch Of Frost"
501928;"Video/Film & TV/Categories/Television/TV Series/Twilight Zone"
12971271;"Video/Film & TV/Categories/Television/TV Series/Twin Peaks"
12971411;"Video/Film & TV/Categories/Television/TV Series/Upstairs Downstairs"
12971341;"Video/Film & TV/Categories/Television/TV Series/Vicar of Dibley"
12971381;"Video/Film & TV/Categories/Television/TV Series/Walking with....."
12970911;"Video/Film & TV/Categories/Television/TV Series/West Wing"
161661031;"Video/Film & TV/Categories/Television/TV Series/Without A Trace"
12970941;"Video/Film & TV/Categories/Television/TV Series/World at War"
501926;"Video/Film & TV/Categories/Television/TV Series/X-Files"
12970831;"Video/Film & TV/Categories/Television/TV Series/Xena - Warrior Princess"
12971171;"Video/Film & TV/Categories/Television/TV Series/Yes Minister"
12971301;"Video/Film & TV/Categories/Television/TV Series/Young Ones"
12970731;"Video/Film & TV/Categories/Television/TV Series"
342350011;"Video/Film & TV/Categories/Television"
573406;"Video/Film & TV/Categories"
285260;"Video/Film & TV/Categories/Action & Adventure/All Action & Adventure"
501790;"Video/Film & TV/Categories/Action & Adventure/Comedy"
501792;"Video/Film & TV/Categories/Action & Adventure/Heroes & Heroines"
501788;"Video/Film & TV/Categories/Action & Adventure/Historical"
501794;"Video/Film & TV/Categories/Action & Adventure/James Bond"
501780;"Video/Film & TV/Categories/Action & Adventure/Martial Arts"
501786;"Video/Film & TV/Categories/Action & Adventure/Romantic"
501784;"Video/Film & TV/Categories/Action & Adventure/War"
501782;"Video/Film & TV/Categories/Action & Adventure/Westerns"
501778;"Video/Film & TV/Categories/Action & Adventure"
1025440;"Video/Film & TV/Categories/Adult/Ben Dover"
1025442;"Video/Film & TV/Categories/Adult/Emmanuelle"
1025444;"Video/Film & TV/Categories/Adult/Penthouse"
1025446;"Video/Film & TV/Categories/Adult/Playboy"
1025448;"Video/Film & TV/Categories/Adult/Retro Chic"
1025450;"Video/Film & TV/Categories/Adult/Sex Education"
1025436;"Video/Film & TV/Categories/Adult"
383380011;"Video/Film & TV/Refinements/Format (binding_browse-bin)/Blu-ray"
535556031;"Video/Film & TV/Self Service/Special Features Stores/Blu-ray 3D"
549962011;"Video/Film & TV/Refinements/Editions (feature_two_browse-bin)/Box Set"
1027490;"Video/Film & TV/Categories/Children's/Characters & Series/Barney"
1027518;"Video/Film & TV/Categories/Children's/Characters & Series/Bear in the Big Blue House"
3896941;"Video/Film & TV/Categories/Children's/Characters & Series/Fimbles"
1027624;"Video/Film & TV/Categories/Children's/Ages 0-2/Other Characters"
1027500;"Video/Film & TV/Categories/Children's/Characters & Series/Songs & Rhymes"
1027504;"Video/Film & TV/Categories/Children's/Characters & Series/Teletubbies"
1090824;"Video/Film & TV/Categories/Children's/Characters & Series/Thomas the Tank Engine"
1027522;"Video/Film & TV/Categories/Children's/Characters & Series/Tweenies"
1027486;"Video/Film & TV/Categories/Children's/Ages 0-2"
1027490;"Video/Film & TV/Categories/Children's/Characters & Series/Barney"
1027518;"Video/Film & TV/Categories/Children's/Characters & Series/Bear in the Big Blue House"
1027492;"Video/Film & TV/Categories/Children's/Characters & Series/Beatrix Potter"
1027496;"Video/Film & TV/Categories/Children's/Characters & Series/Chorlton and the Wheelies"
3896941;"Video/Film & TV/Categories/Children's/Characters & Series/Fimbles"
1027528;"Video/Film & TV/Categories/Children's/Ages 3-4/Other Characters"
1027500;"Video/Film & TV/Categories/Children's/Characters & Series/Songs & Rhymes"
1090824;"Video/Film & TV/Categories/Children's/Characters & Series/Thomas the Tank Engine"
1027522;"Video/Film & TV/Categories/Children's/Characters & Series/Tweenies"
1027526;"Video/Film & TV/Categories/Children's/Ages 3-4"
1027492;"Video/Film & TV/Categories/Children's/Characters & Series/Beatrix Potter"
1027494;"Video/Film & TV/Categories/Children's/Characters & Series/Captain Scarlet"
1027534;"Video/Film & TV/Categories/Children's/Ages 5-8/Characters & Series/Other Characters"
1027498;"Video/Film & TV/Categories/Children's/Characters & Series/Pok&eacute;mon"
1027502;"Video/Film & TV/Categories/Children's/Characters & Series/Stingray"
1027532;"Video/Film & TV/Categories/Children's/Ages 5-8/Characters & Series"
1027558;"Video/Film & TV/Categories/Children's/Educational/Discovery Channel"
1027560;"Video/Film & TV/Categories/Children's/Educational/Eyewitness"
1027562;"Video/Film & TV/Categories/Children's/Educational/National Geographic"
1027616;"Video/Film & TV/Categories/Children's/Ages 5-8/Educational"
1027568;"Video/Film & TV/Categories/Children's/Music/Karaoke"
1162296;"Video/Film & TV/Categories/Children's/Music/Musicals"
1027570;"Video/Film & TV/Categories/Children's/Music/Pop Idols"
1027566;"Video/Film & TV/Categories/Children's/Music"
1027530;"Video/Film & TV/Categories/Children's/Ages 5-8"
501858;"Video/Film & TV/Categories/Children's"
235597011;"Video/Film & TV/Featured Categories"
283926;"Video/Film & TV"
