118612031;"MP3 Downloads/Featured Categories/Albums/Blues"
118613031;"MP3 Downloads/Featured Categories/Albums/Broadway & Vocalists"
118614031;"MP3 Downloads/Featured Categories/Albums/Children's Music"
118615031;"MP3 Downloads/Featured Categories/Albums/Christian & Gospel"
118616031;"MP3 Downloads/Featured Categories/Albums/Classic Rock"
118617031;"MP3 Downloads/Featured Categories/Albums/Classical"
332384031;"MP3 Downloads/Featured Categories/Albums/Compilations"
118618031;"MP3 Downloads/Featured Categories/Albums/Country"
118619031;"MP3 Downloads/Featured Categories/Albums/Dance & Electronic"
118620031;"MP3 Downloads/Featured Categories/Albums/Folk"
118621031;"MP3 Downloads/Featured Categories/Albums/Hard Rock & Metal"
118611031;"MP3 Downloads/Featured Categories/Albums/Indie & Alternative"
118623031;"MP3 Downloads/Featured Categories/Albums/Jazz"
118624031;"MP3 Downloads/Featured Categories/Albums/Latin Music"
118626031;"MP3 Downloads/Featured Categories/Albums/New Age"
118627031;"MP3 Downloads/Featured Categories/Albums/Opera & Vocal"
118628031;"MP3 Downloads/Featured Categories/Albums/Pop"
118629031;"MP3 Downloads/Featured Categories/Albums/R&B"
118630031;"MP3 Downloads/Featured Categories/Albums/Rap & Hip-Hop"
246403031;"MP3 Downloads/Featured Categories/Albums/Reggae"
118631031;"MP3 Downloads/Featured Categories/Albums/Rock"
118632031;"MP3 Downloads/Featured Categories/Albums/Soundtracks"
118622031;"MP3 Downloads/Featured Categories/Albums/World"
118609031;"MP3 Downloads/Featured Categories/Albums"
118634031;"MP3 Downloads/Featured Categories/Songs/Blues"
118635031;"MP3 Downloads/Featured Categories/Songs/Broadway & Vocalists"
118636031;"MP3 Downloads/Featured Categories/Songs/Children's Music"
118637031;"MP3 Downloads/Featured Categories/Songs/Christian & Gospel"
118638031;"MP3 Downloads/Featured Categories/Songs/Classic Rock"
118639031;"MP3 Downloads/Featured Categories/Songs/Classical"
118640031;"MP3 Downloads/Featured Categories/Songs/Country"
118641031;"MP3 Downloads/Featured Categories/Songs/Dance & Electronic"
118642031;"MP3 Downloads/Featured Categories/Songs/Folk"
118643031;"MP3 Downloads/Featured Categories/Songs/Hard Rock & Metal"
118633031;"MP3 Downloads/Featured Categories/Songs/Indie & Alternative"
118645031;"MP3 Downloads/Featured Categories/Songs/Jazz"
118646031;"MP3 Downloads/Featured Categories/Songs/Latin Music"
118647031;"MP3 Downloads/Featured Categories/Songs/New Age"
118648031;"MP3 Downloads/Featured Categories/Songs/Opera & Vocal"
118649031;"MP3 Downloads/Featured Categories/Songs/Pop"
118650031;"MP3 Downloads/Featured Categories/Songs/R&B"
118651031;"MP3 Downloads/Featured Categories/Songs/Rap & Hip-Hop"
246404031;"MP3 Downloads/Featured Categories/Songs/Reggae"
118652031;"MP3 Downloads/Featured Categories/Songs/Rock"
118653031;"MP3 Downloads/Featured Categories/Songs/Soundtracks"
118644031;"MP3 Downloads/Featured Categories/Songs/World"
118610031;"MP3 Downloads/Featured Categories/Songs"
77198031;"MP3 Downloads/Featured Categories"
