676171011;"PC & Video Games/Categories/Consoles"
676173011;"PC & Video Games/Categories/Accessories/All-in-One Kits"
678556011;"PC & Video Games/Categories/Accessories/Cables, Batteries & Adapters/Adapters"
678557011;"PC & Video Games/Categories/Accessories/Cables, Batteries & Adapters/Batteries"
678558011;"PC & Video Games/Categories/Accessories/Cables, Batteries & Adapters/Battery Chargers"
678555011;"PC & Video Games/Categories/Accessories/Cables, Batteries & Adapters/Cables"
678554011;"PC & Video Games/Categories/Accessories/Cables, Batteries & Adapters"
676174011;"PC & Video Games/Categories/Accessories/Cameras"
676175011;"PC & Video Games/Categories/Accessories/Console Remote Controls"
676177011;"PC & Video Games/Categories/Accessories/Controllers/Dance Mats"
676178011;"PC & Video Games/Categories/Accessories/Controllers/Flight Controllers"
676179011;"PC & Video Games/Categories/Accessories/Controllers/Game Pads"
676180011;"PC & Video Games/Categories/Accessories/Controllers/Joysticks"
676181011;"PC & Video Games/Categories/Accessories/Controllers/Keyboards & Mice"
676182011;"PC & Video Games/Categories/Accessories/Controllers/Light Guns"
676183011;"PC & Video Games/Categories/Accessories/Controllers/Microphones"
676184011;"PC & Video Games/Categories/Accessories/Controllers/Musical Instruments"
676185011;"PC & Video Games/Categories/Accessories/Controllers/Racing Wheels & Pedals"
676176011;"PC & Video Games/Categories/Accessories/Controllers"
676186011;"PC & Video Games/Categories/Accessories/Displays"
676187011;"PC & Video Games/Categories/Accessories/Faceplates & Skins"
676188011;"PC & Video Games/Categories/Accessories/Headsets & Earphones"
676189011;"PC & Video Games/Categories/Accessories/Memory"
676190011;"PC & Video Games/Categories/Accessories/Networking Equipment"
676191011;"PC & Video Games/Categories/Accessories/Speakers"
676192011;"PC & Video Games/Categories/Accessories/Storage & Stands"
517094031;"PC & Video Games/Categories/Accessories/Sensor Bars"
676172011;"PC & Video Games/Categories/Accessories"
676194011;"PC & Video Games/Categories/Games/Action & Shooter"
676201011;"PC & Video Games/Categories/Games/Adventure"
676202011;"PC & Video Games/Categories/Games/Arcade & Platform"
676203011;"PC & Video Games/Categories/Games/Board, Card & Casino"
676204011;"PC & Video Games/Categories/Games/Children's"
676206011;"PC & Video Games/Categories/Games/Education & Reference"
676205011;"PC & Video Games/Categories/Games/Fighting"
526164031;"PC & Video Games/Categories/Games/Fitness"
676207011;"PC & Video Games/Categories/Games/Music & Dancing"
676208011;"PC & Video Games/Categories/Games/Puzzle"
676240011;"PC & Video Games/Categories/Games/Quiz & Trivia"
676209011;"PC & Video Games/Categories/Games/Racing"
676214011;"PC & Video Games/Categories/Games/Role Playing"
529983031;"PC & Video Games/Categories/Games/Simulation/Animal"
529984031;"PC & Video Games/Categories/Games/Simulation/Farming"
676216011;"PC & Video Games/Categories/Games/Simulation/Flight & Transport"
676217011;"PC & Video Games/Categories/Games/Simulation/Life"
676215011;"PC & Video Games/Categories/Games/Simulation"
676220011;"PC & Video Games/Categories/Games/Sports/American Football"
676222011;"PC & Video Games/Categories/Games/Sports/Baseball"
676221011;"PC & Video Games/Categories/Games/Sports/Basketball"
676223011;"PC & Video Games/Categories/Games/Sports/Billiards"
676224011;"PC & Video Games/Categories/Games/Sports/Bowling"
676226011;"PC & Video Games/Categories/Games/Sports/Boxing"
676225011;"PC & Video Games/Categories/Games/Sports/Cricket"
676227011;"PC & Video Games/Categories/Games/Sports/Football"
676228011;"PC & Video Games/Categories/Games/Sports/Golf"
676229011;"PC & Video Games/Categories/Games/Sports/Hunting & Fishing"
676230011;"PC & Video Games/Categories/Games/Sports/Ice Hockey"
676231011;"PC & Video Games/Categories/Games/Sports/Rugby"
676232011;"PC & Video Games/Categories/Games/Sports/Skiing & Snowboarding"
678553011;"PC & Video Games/Categories/Games/Sports/Tennis"
676219011;"PC & Video Games/Categories/Games/Sports"
676234011;"PC & Video Games/Categories/Games/Strategy/Fantasy"
676235011;"PC & Video Games/Categories/Games/Strategy/Historical"
676236011;"PC & Video Games/Categories/Games/Strategy/Military"
676237011;"PC & Video Games/Categories/Games/Strategy/Sci-Fi"
676238011;"PC & Video Games/Categories/Games/Strategy/Tycoon Games"
676239011;"PC & Video Games/Categories/Games/Strategy/World Building"
676233011;"PC & Video Games/Categories/Games/Strategy"
676193011;"PC & Video Games/Categories/Games"
1025616;"PC & Video Games/Categories"
