13017461;"Software/Categories/Business & Office/All Business & Office"
599992;"Software/Categories/Security & Antivirus/Backup & Recovery"
600016;"Software/Categories/Business & Office/Business Start-up"
599918;"Software/Categories/Business & Office/Communication/E-mail"
599912;"Software/Categories/Business & Office/Communication/Fax & Phone"
599914;"Software/Categories/Business & Office/Communication/Remote Access"
599920;"Software/Categories/Business & Office/Communication/Translation"
599916;"Software/Categories/Business & Office/Communication/Voice Recognition"
599922;"Software/Categories/Business & Office/Communication/Other"
599910;"Software/Categories/Business & Office/Communication"
600030;"Software/Categories/Business & Office/Document Capture & Scanning"
600036;"Software/Categories/Business & Office/E-commerce"
600040;"Software/Categories/Business & Office/Finance & Accounting/Accounting"
600042;"Software/Categories/Business & Office/Finance & Accounting/Payroll"
600044;"Software/Categories/Business & Office/Finance & Accounting/Personal Finance"
600038;"Software/Categories/Business & Office/Finance & Accounting"
600056;"Software/Categories/Business & Office/Legal"
16305391;"Software/Categories/Business & Office/Licences/Network Applications"
600052;"Software/Categories/Business & Office/Licences/Office Applications"
600054;"Software/Categories/Business & Office/Licences/Office Suites"
600048;"Software/Categories/Business & Office/Licences/Operating Systems"
600050;"Software/Categories/Business & Office/Licences/Utilities"
600046;"Software/Categories/Business & Office/Licences"
600060;"Software/Categories/Business & Office/Networking/Network Management"
600064;"Software/Categories/Business & Office/Networking/Network Servers"
600062;"Software/Categories/Business & Office/Networking/Security & Firewalls"
600058;"Software/Categories/Business & Office/Networking"
600074;"Software/Categories/Business & Office/Office Applications/Databases"
600076;"Software/Categories/Business & Office/Office Applications/Licences"
600072;"Software/Categories/Business & Office/Office Applications/Presentation"
600070;"Software/Categories/Business & Office/Office Applications/Spreadsheets"
600068;"Software/Categories/Business & Office/Office Applications/Word Processing"
600066;"Software/Categories/Business & Office/Office Applications"
600078;"Software/Categories/Business & Office/Office Suites"
599948;"Software/Categories/Home Computing/Operating Systems"
599970;"Software/Categories/Home Computing/Personal Finance & Tax"
600096;"Software/Categories/Business & Office/Planning & Project Management"
602652;"Software/Categories/Business & Office/Schedule & Contact Management/Directories"
600100;"Software/Categories/Business & Office/Schedule & Contact Management/Organisers & Address Books"
600098;"Software/Categories/Business & Office/Schedule & Contact Management"
16305441;"Software/Categories/Security & Antivirus/Anti-spam"
599990;"Software/Categories/Security & Antivirus/Antivirus"
599992;"Software/Categories/Security & Antivirus/Backup & Recovery"
600004;"Software/Categories/Security & Antivirus/File Compression & Archiving"
600006;"Software/Categories/Security & Antivirus/File Conversion"
600008;"Software/Categories/Security & Antivirus/Partitions"
600010;"Software/Categories/Security & Antivirus/Security & Firewalls"
257073011;"Software/Categories/System Builder (OEM) Software/Security"
599988;"Software/Categories/Security & Antivirus"
3308501;"Software/Categories/Home Computing/Training & Tutorials/Applications & Operating Systems/Adobe Acrobat"
3308591;"Software/Categories/Home Computing/Training & Tutorials/Applications & Operating Systems/Adobe Framemaker"
3308611;"Software/Categories/Home Computing/Training & Tutorials/Applications & Operating Systems/Adobe GoLive"
3308621;"Software/Categories/Home Computing/Training & Tutorials/Applications & Operating Systems/Adobe Illustrator"
3308631;"Software/Categories/Home Computing/Training & Tutorials/Applications & Operating Systems/Adobe InDesign"
3308671;"Software/Categories/Home Computing/Training & Tutorials/Applications & Operating Systems/Adobe PageMaker"
3308691;"Software/Categories/Home Computing/Training & Tutorials/Applications & Operating Systems/Adobe Photoshop"
3308721;"Software/Categories/Home Computing/Training & Tutorials/Applications & Operating Systems/Adobe Premiere"
3308531;"Software/Categories/Home Computing/Training & Tutorials/Applications & Operating Systems/CorelDRAW"
3308571;"Software/Categories/Home Computing/Training & Tutorials/Applications & Operating Systems/Filemaker Pro"
3308681;"Software/Categories/Home Computing/Training & Tutorials/Applications & Operating Systems/Jasc Paint Shop Pro"
3308511;"Software/Categories/Home Computing/Training & Tutorials/Applications & Operating Systems/Macromedia Authorware"
3308541;"Software/Categories/Home Computing/Training & Tutorials/Applications & Operating Systems/Macromedia Director"
3308551;"Software/Categories/Home Computing/Training & Tutorials/Applications & Operating Systems/Macromedia Dreamweaver"
3308581;"Software/Categories/Home Computing/Training & Tutorials/Applications & Operating Systems/Macromedia Flash"
3308601;"Software/Categories/Home Computing/Training & Tutorials/Applications & Operating Systems/Macromedia Freehand"
3308491;"Software/Categories/Home Computing/Training & Tutorials/Applications & Operating Systems/Microsoft Access"
3308561;"Software/Categories/Home Computing/Training & Tutorials/Applications & Operating Systems/Microsoft Excel"
3308641;"Software/Categories/Home Computing/Training & Tutorials/Applications & Operating Systems/Microsoft Office"
3308661;"Software/Categories/Home Computing/Training & Tutorials/Applications & Operating Systems/Microsoft Outlook"
3308711;"Software/Categories/Home Computing/Training & Tutorials/Applications & Operating Systems/Microsoft Powerpoint"
3341501;"Software/Categories/Home Computing/Training & Tutorials/Applications & Operating Systems/Microsoft Word"
3308651;"Software/Categories/Home Computing/Training & Tutorials/Applications & Operating Systems/Oracle"
3308701;"Software/Categories/Home Computing/Training & Tutorials/Applications & Operating Systems/Poser"
3308731;"Software/Categories/Home Computing/Training & Tutorials/Applications & Operating Systems/QuarkXPress"
3308751;"Software/Categories/Home Computing/Training & Tutorials/Applications & Operating Systems/Visual Basic"
3308761;"Software/Categories/Home Computing/Training & Tutorials/Applications & Operating Systems/Windows 2000"
3308771;"Software/Categories/Home Computing/Training & Tutorials/Applications & Operating Systems/Windows 95, 98 & ME"
3308781;"Software/Categories/Home Computing/Training & Tutorials/Applications & Operating Systems/Windows NT"
3308791;"Software/Categories/Home Computing/Training & Tutorials/Applications & Operating Systems/Windows XP"
3308251;"Software/Categories/Home Computing/Training & Tutorials/Applications & Operating Systems"
3308301;"Software/Categories/Home Computing/Training & Tutorials/Business & Management Skills"
3308321;"Software/Categories/Home Computing/Training & Tutorials/Certification & Exam Training"
3308261;"Software/Categories/Home Computing/Training & Tutorials/Databases"
3308451;"Software/Categories/Home Computing/Training & Tutorials/Graphics & Video/3-D & CAD"
3308471;"Software/Categories/Home Computing/Training & Tutorials/Graphics & Video/Illustration"
3308421;"Software/Categories/Home Computing/Training & Tutorials/Graphics & Video/Image & Photo Editing"
3308441;"Software/Categories/Home Computing/Training & Tutorials/Graphics & Video/Multimedia Authoring"
3308461;"Software/Categories/Home Computing/Training & Tutorials/Graphics & Video/Page Layout & Print Publishing"
3308431;"Software/Categories/Home Computing/Training & Tutorials/Graphics & Video/Video Creation & Editing"
3308281;"Software/Categories/Home Computing/Training & Tutorials/Graphics & Video"
3308481;"Software/Categories/Home Computing/Training & Tutorials/Macintosh"
3308371;"Software/Categories/Home Computing/Training & Tutorials/New to Computing/Internet"
3308381;"Software/Categories/Home Computing/Training & Tutorials/New to Computing/Microsoft Access"
3308361;"Software/Categories/Home Computing/Training & Tutorials/New to Computing/Microsoft Excel"
3308341;"Software/Categories/Home Computing/Training & Tutorials/New to Computing/Microsoft Office"
3308391;"Software/Categories/Home Computing/Training & Tutorials/New to Computing/Microsoft Powerpoint"
3308401;"Software/Categories/Home Computing/Training & Tutorials/New to Computing/Microsoft Word"
3308351;"Software/Categories/Home Computing/Training & Tutorials/New to Computing/PCs & Windows"
3308331;"Software/Categories/Home Computing/Training & Tutorials/New to Computing/Typing"
3308311;"Software/Categories/Home Computing/Training & Tutorials/New to Computing"
3308271;"Software/Categories/Home Computing/Training & Tutorials/Programming & Web Development"
3308291;"Software/Categories/Home Computing/Training & Tutorials/Web Design"
599984;"Software/Categories/Home Computing/Training & Tutorials/All Titles"
3308241;"Software/Categories/Home Computing/Training & Tutorials"
600014;"Software/Categories/Business & Office"
498966;"Software/Categories/Children's Fun & Learning/Ages 1-2"
498972;"Software/Categories/Children's Fun & Learning/Ages 3-4"
498978;"Software/Categories/Children's Fun & Learning/Ages 5-8"
913978;"Software/Categories/Children's Fun & Learning/Ages 9-11"
498984;"Software/Categories/Children's Fun & Learning/Ages 11-14"
300475;"Software/Categories/Children's Fun & Learning/Activities & Interests/All Activities & Interests"
502356;"Software/Categories/Children's Fun & Learning/Activities & Interests/Animals"
502358;"Software/Categories/Children's Fun & Learning/Activities & Interests/Dinosaurs"
913982;"Software/Categories/Children's Fun & Learning/Activities & Interests/Music"
913980;"Software/Categories/Children's Fun & Learning/Activities & Interests/Printing & Painting"
502360;"Software/Categories/Children's Fun & Learning/Activities & Interests/Science & Nature"
502362;"Software/Categories/Children's Fun & Learning/Activities & Interests/Space"
502364;"Software/Categories/Children's Fun & Learning/Activities & Interests/Sports"
502354;"Software/Categories/Children's Fun & Learning/Activities & Interests"
300476;"Software/Categories/Children's Fun & Learning/Characters & Brands/Favourite Characters"
498956;"Software/Categories/Children's Fun & Learning/Characters & Brands/Barbie"
317241011;"Software/Categories/Children's Fun & Learning/Characters & Brands/Disney & Pixar"
597614;"Software/Categories/Children's Fun & Learning/Characters & Brands/Dr Seuss"
3431901;"Software/Categories/Children's Fun & Learning/Characters & Brands/Harry Potter"
498960;"Software/Categories/Children's Fun & Learning/Characters & Brands/Little Misses & Mr Men"
498962;"Software/Categories/Children's Fun & Learning/Characters & Brands/Muppets"
501108;"Software/Categories/Children's Fun & Learning/Characters & Brands/Pok&eacute;mon"
498958;"Software/Categories/Children's Fun & Learning/Characters & Brands/Sesame Street"
498954;"Software/Categories/Children's Fun & Learning/Characters & Brands/Star Wars"
317242011;"Software/Categories/Children's Fun & Learning/Characters & Brands/Superheroes"
501106;"Software/Categories/Children's Fun & Learning/Characters & Brands/Teletubbies"
516858;"Software/Categories/Children's Fun & Learning/Characters & Brands/Thomas the Tank Engine"
777116;"Software/Categories/Children's Fun & Learning/Characters & Brands/Thunderbirds"
1084504;"Software/Categories/Children's Fun & Learning/Characters & Brands/Tivola"
777114;"Software/Categories/Children's Fun & Learning/Characters & Brands/Tweenies"
498950;"Software/Categories/Children's Fun & Learning/Characters & Brands/Winnie-the-Pooh"
777118;"Software/Categories/Children's Fun & Learning/Characters & Brands/Zoombinis"
464294;"Software/Categories/Children's Fun & Learning/Characters & Brands/BBC"
3111841;"Software/Categories/Children's Fun & Learning/Characters & Brands/Crayola"
464296;"Software/Categories/Children's Fun & Learning/Characters & Brands/Dorling Kindersley"
597622;"Software/Categories/Children's Fun & Learning/Characters & Brands/Enid Blyton"
464298;"Software/Categories/Children's Fun & Learning/Characters & Brands/Fisher-Price"
464300;"Software/Categories/Children's Fun & Learning/Characters & Brands/Hasbro"
1084500;"Software/Categories/Children's Fun & Learning/Characters & Brands/Knowledge & Adventure"
464302;"Software/Categories/Children's Fun & Learning/Characters & Brands/Lego"
464304;"Software/Categories/Children's Fun & Learning/Characters & Brands/Mattel"
597636;"Software/Categories/Children's Fun & Learning/Characters & Brands/Playmobil"
913984;"Software/Categories/Children's Fun & Learning/Characters & Brands/Other Characters"
464292;"Software/Categories/Children's Fun & Learning/Characters & Brands"
300474;"Software/Categories/Children's Fun & Learning/Children's Reference"
300466;"Software/Categories/Education & Reference/Baby & Toddler"
977688;"Software/Categories/Education & Reference/Key Stage 1 (Ages 5-7)/English"
977690;"Software/Categories/Education & Reference/Key Stage 1 (Ages 5-7)/Maths"
977692;"Software/Categories/Education & Reference/Key Stage 1 (Ages 5-7)/Science"
977694;"Software/Categories/Education & Reference/Key Stage 1 (Ages 5-7)/Other Subjects"
977696;"Software/Categories/Education & Reference/Key Stage 1 (Ages 5-7)/Education Value Packs"
977676;"Software/Categories/Education & Reference/Key Stage 1 (Ages 5-7)"
977698;"Software/Categories/Education & Reference/Key Stage 2 (Ages 7-11)/English"
977700;"Software/Categories/Education & Reference/Key Stage 2 (Ages 7-11)/Maths"
977702;"Software/Categories/Education & Reference/Key Stage 2 (Ages 7-11)/Science"
977704;"Software/Categories/Education & Reference/Key Stage 2 (Ages 7-11)/Other Subjects"
977706;"Software/Categories/Education & Reference/Key Stage 2 (Ages 7-11)/Education Value Packs"
977678;"Software/Categories/Education & Reference/Key Stage 2 (Ages 7-11)"
977708;"Software/Categories/Education & Reference/Key Stage 3 (Ages 11-14)/English"
977710;"Software/Categories/Education & Reference/Key Stage 3 (Ages 11-14)/Maths"
977712;"Software/Categories/Education & Reference/Key Stage 3 (Ages 11-14)/Science"
977714;"Software/Categories/Education & Reference/Key Stage 3 (Ages 11-14)/Other Subjects"
977716;"Software/Categories/Education & Reference/Key Stage 3 (Ages 11-14)/Education Value Packs"
977680;"Software/Categories/Education & Reference/Key Stage 3 (Ages 11-14)"
300467;"Software/Categories/Education & Reference/Pre-school & Nursery"
320291011;"Software/Categories/Children's Fun & Learning/Education & Reference"
463966;"Software/Categories/Children's Fun & Learning/Interactive Story Books"
977766;"Software/Categories/Children's Fun & Learning/Languages/English"
977768;"Software/Categories/Children's Fun & Learning/Languages/French"
977770;"Software/Categories/Children's Fun & Learning/Languages/German"
977772;"Software/Categories/Children's Fun & Learning/Languages/Spanish"
977764;"Software/Categories/Children's Fun & Learning/Languages"
300477;"Software/Categories/Children's Fun & Learning/Virtual Pets"
300473;"Software/Categories/Children's Fun & Learning"
600138;"Software/Categories/Digital Imaging/3D & CAD"
16305431;"Software/Categories/Digital Imaging/All Digital Imaging"
600140;"Software/Categories/Digital Imaging/Art & Illustration"
317243011;"Software/Categories/Digital Imaging/Creativity Software"
600144;"Software/Categories/Digital Imaging/Design Suites"
600172;"Software/Categories/Digital Imaging/Desktop Publishing"
600030;"Software/Categories/Business & Office/Document Capture & Scanning"
600168;"Software/Categories/Digital Imaging/Images & Clip Art"
600170;"Software/Categories/Digital Imaging/Photo Editing"
600174;"Software/Categories/Digital Imaging/Presentation"
600136;"Software/Categories/Digital Imaging"
300438;"Software/Categories/Education & Reference/Reference/Art, Music & Literature"
977836;"Software/Categories/Education & Reference/Reference/Astronomy & Space"
1197854;"Software/Categories/Education & Reference/Reference/Bird Guides"
977834;"Software/Categories/Education & Reference/Reference/Children's Reference"
300440;"Software/Categories/Education & Reference/Reference/Dictionaries & Thesauri"
300441;"Software/Categories/Education & Reference/Reference/Directories"
300439;"Software/Categories/Education & Reference/Reference/Encyclopaedias"
300442;"Software/Categories/Education & Reference/Reference/Geography & Maps"
300443;"Software/Categories/Education & Reference/Reference/History & Culture"
300444;"Software/Categories/Education & Reference/Reference/Human Body & Medicine"
300445;"Software/Categories/Education & Reference/Reference/Religion"
300447;"Software/Categories/Education & Reference/Reference/Science & Nature"
300448;"Software/Categories/Education & Reference/Reference/Sports"
300450;"Software/Categories/Education & Reference/Reference/Travel & Leisure Guides"
300437;"Software/Categories/Education & Reference/Reference"
300466;"Software/Categories/Education & Reference/Baby & Toddler"
300467;"Software/Categories/Education & Reference/Pre-school & Nursery"
977688;"Software/Categories/Education & Reference/Key Stage 1 (Ages 5-7)/English"
977690;"Software/Categories/Education & Reference/Key Stage 1 (Ages 5-7)/Maths"
977692;"Software/Categories/Education & Reference/Key Stage 1 (Ages 5-7)/Science"
977694;"Software/Categories/Education & Reference/Key Stage 1 (Ages 5-7)/Other Subjects"
977696;"Software/Categories/Education & Reference/Key Stage 1 (Ages 5-7)/Education Value Packs"
977676;"Software/Categories/Education & Reference/Key Stage 1 (Ages 5-7)"
977698;"Software/Categories/Education & Reference/Key Stage 2 (Ages 7-11)/English"
977700;"Software/Categories/Education & Reference/Key Stage 2 (Ages 7-11)/Maths"
977702;"Software/Categories/Education & Reference/Key Stage 2 (Ages 7-11)/Science"
977704;"Software/Categories/Education & Reference/Key Stage 2 (Ages 7-11)/Other Subjects"
977706;"Software/Categories/Education & Reference/Key Stage 2 (Ages 7-11)/Education Value Packs"
977678;"Software/Categories/Education & Reference/Key Stage 2 (Ages 7-11)"
977708;"Software/Categories/Education & Reference/Key Stage 3 (Ages 11-14)/English"
977710;"Software/Categories/Education & Reference/Key Stage 3 (Ages 11-14)/Maths"
977712;"Software/Categories/Education & Reference/Key Stage 3 (Ages 11-14)/Science"
977714;"Software/Categories/Education & Reference/Key Stage 3 (Ages 11-14)/Other Subjects"
977716;"Software/Categories/Education & Reference/Key Stage 3 (Ages 11-14)/Education Value Packs"
977680;"Software/Categories/Education & Reference/Key Stage 3 (Ages 11-14)"
977726;"Software/Categories/Education & Reference/GCSE/Biology"
977736;"Software/Categories/Education & Reference/GCSE/Business Studies"
977724;"Software/Categories/Education & Reference/GCSE/Chemistry"
977718;"Software/Categories/Education & Reference/GCSE/English"
977738;"Software/Categories/Education & Reference/GCSE/French"
977730;"Software/Categories/Education & Reference/GCSE/Geography"
977732;"Software/Categories/Education & Reference/GCSE/German"
977720;"Software/Categories/Education & Reference/GCSE/Maths"
977722;"Software/Categories/Education & Reference/GCSE/Physics"
977734;"Software/Categories/Education & Reference/GCSE/Spanish"
977728;"Software/Categories/Education & Reference/GCSE/Other Subjects"
977740;"Software/Categories/Education & Reference/GCSE/Education Value Packs"
977682;"Software/Categories/Education & Reference/GCSE"
977748;"Software/Categories/Education & Reference/A Level/Biology"
977742;"Software/Categories/Education & Reference/A Level/Business Studies"
977746;"Software/Categories/Education & Reference/A Level/Chemistry"
977754;"Software/Categories/Education & Reference/A Level/Geography"
977744;"Software/Categories/Education & Reference/A Level/Maths"
977750;"Software/Categories/Education & Reference/A Level/Physics"
977752;"Software/Categories/Education & Reference/A Level/Other Subjects"
977756;"Software/Categories/Education & Reference/A Level/Education Value Packs"
977684;"Software/Categories/Education & Reference/A Level"
977804;"Software/Categories/Education & Reference/Brands/AA"
464282;"Software/Categories/Education & Reference/Brands/BBC"
977806;"Software/Categories/Education & Reference/Brands/Britannica"
977808;"Software/Categories/Education & Reference/Brands/Collins"
464284;"Software/Categories/Education & Reference/Brands/Dorling Kindersley"
977810;"Software/Categories/Education & Reference/Brands/Encarta"
464286;"Software/Categories/Education & Reference/Brands/Europress"
1084508;"Software/Categories/Education & Reference/Brands/Eurotalk"
977812;"Software/Categories/Education & Reference/Brands/Full Marks"
3668371;"Software/Categories/Education & Reference/Brands/Harcourt"
464288;"Software/Categories/Education & Reference/Brands/Jump Ahead"
1084500;"Software/Categories/Children's Fun & Learning/Characters & Brands/Knowledge & Adventure"
977828;"Software/Categories/Education & Reference/Brands/Letts/Key Stages One to Three"
977830;"Software/Categories/Education & Reference/Brands/Letts/GCSE"
977818;"Software/Categories/Education & Reference/Brands/Letts"
1084506;"Software/Categories/Education & Reference/Brands/National Geographic"
977814;"Software/Categories/Education & Reference/Brands/Oxford University Press"
464290;"Software/Categories/Education & Reference/Brands/Reader Rabbit"
977822;"Software/Categories/Education & Reference/Brands/The Times/Key Stages One to Three"
977824;"Software/Categories/Education & Reference/Brands/The Times/GCSE"
977826;"Software/Categories/Education & Reference/Brands/The Times/A Level"
977816;"Software/Categories/Education & Reference/Brands/The Times"
1084510;"Software/Categories/Education & Reference/Brands/Transparent Language"
300459;"Software/Categories/Education & Reference/Brands"
988910;"Software/Categories/Education & Reference/Educational Subjects/Biology/GCSE"
988914;"Software/Categories/Education & Reference/Educational Subjects/Biology/A Level"
988908;"Software/Categories/Education & Reference/Educational Subjects/Biology"
300461;"Software/Categories/Education & Reference/Educational Subjects/Business Studies"
988902;"Software/Categories/Education & Reference/Educational Subjects/Chemistry/GCSE"
988904;"Software/Categories/Education & Reference/Educational Subjects/Chemistry/A Level"
988898;"Software/Categories/Education & Reference/Educational Subjects/Chemistry"
988858;"Software/Categories/Education & Reference/Educational Subjects/English/Key Stage One (Ages 5-7)"
988862;"Software/Categories/Education & Reference/Educational Subjects/English/Key Stage Two (Ages 7-11)"
988866;"Software/Categories/Education & Reference/Educational Subjects/English/Key Stage Three (Ages 11-14)"
988868;"Software/Categories/Education & Reference/Educational Subjects/English/GCSE"
988856;"Software/Categories/Education & Reference/Educational Subjects/English"
977784;"Software/Categories/Education & Reference/Languages/French/Beginner"
977786;"Software/Categories/Education & Reference/Languages/French/Intermediate & Advanced"
977774;"Software/Categories/Education & Reference/Languages/French"
988892;"Software/Categories/Education & Reference/Educational Subjects/Geography/GCSE"
988896;"Software/Categories/Education & Reference/Educational Subjects/Geography/A Level"
988890;"Software/Categories/Education & Reference/Educational Subjects/Geography"
977800;"Software/Categories/Education & Reference/Languages/German/Beginner"
977802;"Software/Categories/Education & Reference/Languages/German/Intermediate & Advanced"
977782;"Software/Categories/Education & Reference/Languages/German"
300454;"Software/Categories/Education & Reference/Educational Subjects/History"
300463;"Software/Categories/Education & Reference/Educational Subjects/Information Technology"
988874;"Software/Categories/Education & Reference/Educational Subjects/Maths/Key Stage One (Ages 5-7)"
988878;"Software/Categories/Education & Reference/Educational Subjects/Maths/Key Stage Two (Ages 7-11)"
988880;"Software/Categories/Education & Reference/Educational Subjects/Maths/Key Stage Three (Ages 11-14)"
988884;"Software/Categories/Education & Reference/Educational Subjects/Maths/GCSE"
988886;"Software/Categories/Education & Reference/Educational Subjects/Maths/A Level"
300455;"Software/Categories/Education & Reference/Educational Subjects/Maths/All"
988872;"Software/Categories/Education & Reference/Educational Subjects/Maths"
300462;"Software/Categories/Education & Reference/Educational Subjects/Music"
988924;"Software/Categories/Education & Reference/Educational Subjects/Physics/GCSE"
988928;"Software/Categories/Education & Reference/Educational Subjects/Physics/A Level"
988922;"Software/Categories/Education & Reference/Educational Subjects/Physics"
988938;"Software/Categories/Education & Reference/Educational Subjects/Science/Key Stage One (Ages 5-7)"
988940;"Software/Categories/Education & Reference/Educational Subjects/Science/Key Stage Two (Ages 7-11)"
988944;"Software/Categories/Education & Reference/Educational Subjects/Science/Key Stage Three (Ages 11-14)"
988934;"Software/Categories/Education & Reference/Educational Subjects/Science"
977796;"Software/Categories/Education & Reference/Languages/Spanish/Beginner"
977798;"Software/Categories/Education & Reference/Languages/Spanish/Intermediate & Advanced"
463950;"Software/Categories/Education & Reference/Languages/Spanish/All"
977780;"Software/Categories/Education & Reference/Languages/Spanish"
300451;"Software/Categories/Education & Reference/Educational Subjects"
599908;"Software/Categories/Home Computing/Career & Personal Development"
463952;"Software/Categories/Education & Reference/Languages/Chinese"
463960;"Software/Categories/Education & Reference/Languages/Dutch"
977788;"Software/Categories/Education & Reference/Languages/English/Beginner"
977790;"Software/Categories/Education & Reference/Languages/English/Intermediate & Advanced"
977776;"Software/Categories/Education & Reference/Languages/English"
977784;"Software/Categories/Education & Reference/Languages/French/Beginner"
977786;"Software/Categories/Education & Reference/Languages/French/Intermediate & Advanced"
977774;"Software/Categories/Education & Reference/Languages/French"
977800;"Software/Categories/Education & Reference/Languages/German/Beginner"
977802;"Software/Categories/Education & Reference/Languages/German/Intermediate & Advanced"
977782;"Software/Categories/Education & Reference/Languages/German"
977792;"Software/Categories/Education & Reference/Languages/Italian/Beginner"
977794;"Software/Categories/Education & Reference/Languages/Italian/Intermediate & Advanced"
463956;"Software/Categories/Education & Reference/Languages/Italian/All"
977778;"Software/Categories/Education & Reference/Languages/Italian"
463954;"Software/Categories/Education & Reference/Languages/Japanese"
463958;"Software/Categories/Education & Reference/Languages/Portuguese"
463964;"Software/Categories/Education & Reference/Languages/Russian"
977796;"Software/Categories/Education & Reference/Languages/Spanish/Beginner"
977798;"Software/Categories/Education & Reference/Languages/Spanish/Intermediate & Advanced"
463950;"Software/Categories/Education & Reference/Languages/Spanish/All"
977780;"Software/Categories/Education & Reference/Languages/Spanish"
463962;"Software/Categories/Education & Reference/Languages/Other"
1193700;"Software/Categories/Education & Reference/Languages/Translations"
300449;"Software/Categories/Education & Reference/Languages"
599982;"Software/Categories/Student Licences"
3308501;"Software/Categories/Home Computing/Training & Tutorials/Applications & Operating Systems/Adobe Acrobat"
3308591;"Software/Categories/Home Computing/Training & Tutorials/Applications & Operating Systems/Adobe Framemaker"
3308611;"Software/Categories/Home Computing/Training & Tutorials/Applications & Operating Systems/Adobe GoLive"
3308621;"Software/Categories/Home Computing/Training & Tutorials/Applications & Operating Systems/Adobe Illustrator"
3308631;"Software/Categories/Home Computing/Training & Tutorials/Applications & Operating Systems/Adobe InDesign"
3308671;"Software/Categories/Home Computing/Training & Tutorials/Applications & Operating Systems/Adobe PageMaker"
3308691;"Software/Categories/Home Computing/Training & Tutorials/Applications & Operating Systems/Adobe Photoshop"
3308721;"Software/Categories/Home Computing/Training & Tutorials/Applications & Operating Systems/Adobe Premiere"
3308531;"Software/Categories/Home Computing/Training & Tutorials/Applications & Operating Systems/CorelDRAW"
3308571;"Software/Categories/Home Computing/Training & Tutorials/Applications & Operating Systems/Filemaker Pro"
3308681;"Software/Categories/Home Computing/Training & Tutorials/Applications & Operating Systems/Jasc Paint Shop Pro"
3308511;"Software/Categories/Home Computing/Training & Tutorials/Applications & Operating Systems/Macromedia Authorware"
3308541;"Software/Categories/Home Computing/Training & Tutorials/Applications & Operating Systems/Macromedia Director"
3308551;"Software/Categories/Home Computing/Training & Tutorials/Applications & Operating Systems/Macromedia Dreamweaver"
3308581;"Software/Categories/Home Computing/Training & Tutorials/Applications & Operating Systems/Macromedia Flash"
3308601;"Software/Categories/Home Computing/Training & Tutorials/Applications & Operating Systems/Macromedia Freehand"
3308491;"Software/Categories/Home Computing/Training & Tutorials/Applications & Operating Systems/Microsoft Access"
3308561;"Software/Categories/Home Computing/Training & Tutorials/Applications & Operating Systems/Microsoft Excel"
3308641;"Software/Categories/Home Computing/Training & Tutorials/Applications & Operating Systems/Microsoft Office"
3308661;"Software/Categories/Home Computing/Training & Tutorials/Applications & Operating Systems/Microsoft Outlook"
3308711;"Software/Categories/Home Computing/Training & Tutorials/Applications & Operating Systems/Microsoft Powerpoint"
3341501;"Software/Categories/Home Computing/Training & Tutorials/Applications & Operating Systems/Microsoft Word"
3308651;"Software/Categories/Home Computing/Training & Tutorials/Applications & Operating Systems/Oracle"
3308701;"Software/Categories/Home Computing/Training & Tutorials/Applications & Operating Systems/Poser"
3308731;"Software/Categories/Home Computing/Training & Tutorials/Applications & Operating Systems/QuarkXPress"
3308751;"Software/Categories/Home Computing/Training & Tutorials/Applications & Operating Systems/Visual Basic"
3308761;"Software/Categories/Home Computing/Training & Tutorials/Applications & Operating Systems/Windows 2000"
3308771;"Software/Categories/Home Computing/Training & Tutorials/Applications & Operating Systems/Windows 95, 98 & ME"
3308781;"Software/Categories/Home Computing/Training & Tutorials/Applications & Operating Systems/Windows NT"
3308791;"Software/Categories/Home Computing/Training & Tutorials/Applications & Operating Systems/Windows XP"
3308251;"Software/Categories/Home Computing/Training & Tutorials/Applications & Operating Systems"
3308301;"Software/Categories/Home Computing/Training & Tutorials/Business & Management Skills"
3308321;"Software/Categories/Home Computing/Training & Tutorials/Certification & Exam Training"
3308261;"Software/Categories/Home Computing/Training & Tutorials/Databases"
3308451;"Software/Categories/Home Computing/Training & Tutorials/Graphics & Video/3-D & CAD"
3308471;"Software/Categories/Home Computing/Training & Tutorials/Graphics & Video/Illustration"
3308421;"Software/Categories/Home Computing/Training & Tutorials/Graphics & Video/Image & Photo Editing"
3308441;"Software/Categories/Home Computing/Training & Tutorials/Graphics & Video/Multimedia Authoring"
3308461;"Software/Categories/Home Computing/Training & Tutorials/Graphics & Video/Page Layout & Print Publishing"
3308431;"Software/Categories/Home Computing/Training & Tutorials/Graphics & Video/Video Creation & Editing"
3308281;"Software/Categories/Home Computing/Training & Tutorials/Graphics & Video"
3308481;"Software/Categories/Home Computing/Training & Tutorials/Macintosh"
3308371;"Software/Categories/Home Computing/Training & Tutorials/New to Computing/Internet"
3308381;"Software/Categories/Home Computing/Training & Tutorials/New to Computing/Microsoft Access"
3308361;"Software/Categories/Home Computing/Training & Tutorials/New to Computing/Microsoft Excel"
3308341;"Software/Categories/Home Computing/Training & Tutorials/New to Computing/Microsoft Office"
3308391;"Software/Categories/Home Computing/Training & Tutorials/New to Computing/Microsoft Powerpoint"
3308401;"Software/Categories/Home Computing/Training & Tutorials/New to Computing/Microsoft Word"
3308351;"Software/Categories/Home Computing/Training & Tutorials/New to Computing/PCs & Windows"
3308331;"Software/Categories/Home Computing/Training & Tutorials/New to Computing/Typing"
3308311;"Software/Categories/Home Computing/Training & Tutorials/New to Computing"
3308271;"Software/Categories/Home Computing/Training & Tutorials/Programming & Web Development"
3308291;"Software/Categories/Home Computing/Training & Tutorials/Web Design"
599984;"Software/Categories/Home Computing/Training & Tutorials/All Titles"
3308241;"Software/Categories/Home Computing/Training & Tutorials"
599986;"Software/Categories/Home Computing/Typing"
912026;"Software/Categories/Education & Reference/Driving Tests"
300436;"Software/Categories/Education & Reference"
16305411;"Software/Categories/Hobbies & Pastimes/All Hobbies & Pastimes"
912034;"Software/Categories/Hobbies & Pastimes/Animals & Pets"
300480;"Software/Categories/Hobbies & Pastimes/Art & Crafts"
912030;"Software/Categories/Hobbies & Pastimes/Astrology"
912032;"Software/Categories/Hobbies & Pastimes/Astronomy & Space"
1193702;"Software/Categories/Hobbies & Pastimes/Bird Guides"
599994;"Software/Categories/Home Computing/Utilities/CD & DVD Burning"
300475;"Software/Categories/Children's Fun & Learning/Activities & Interests/All Activities & Interests"
502356;"Software/Categories/Children's Fun & Learning/Activities & Interests/Animals"
502358;"Software/Categories/Children's Fun & Learning/Activities & Interests/Dinosaurs"
913982;"Software/Categories/Children's Fun & Learning/Activities & Interests/Music"
913980;"Software/Categories/Children's Fun & Learning/Activities & Interests/Printing & Painting"
502360;"Software/Categories/Children's Fun & Learning/Activities & Interests/Science & Nature"
502362;"Software/Categories/Children's Fun & Learning/Activities & Interests/Space"
502364;"Software/Categories/Children's Fun & Learning/Activities & Interests/Sports"
502354;"Software/Categories/Children's Fun & Learning/Activities & Interests"
912040;"Software/Categories/Hobbies & Pastimes/Computer Games Programming"
300492;"Software/Categories/Hobbies & Pastimes/Creative Writing"
912028;"Software/Categories/Hobbies & Pastimes/Crosswords & Quizzes"
300484;"Software/Categories/Hobbies & Pastimes/Family & Genealogy"
300486;"Software/Categories/Hobbies & Pastimes/Films & TV"
300483;"Software/Categories/Hobbies & Pastimes/Food & Drink"
300482;"Software/Categories/Hobbies & Pastimes/Health & Beauty"
300481;"Software/Categories/Hobbies & Pastimes/Home & Garden"
463952;"Software/Categories/Education & Reference/Languages/Chinese"
463960;"Software/Categories/Education & Reference/Languages/Dutch"
977788;"Software/Categories/Education & Reference/Languages/English/Beginner"
977790;"Software/Categories/Education & Reference/Languages/English/Intermediate & Advanced"
977776;"Software/Categories/Education & Reference/Languages/English"
977784;"Software/Categories/Education & Reference/Languages/French/Beginner"
977786;"Software/Categories/Education & Reference/Languages/French/Intermediate & Advanced"
977774;"Software/Categories/Education & Reference/Languages/French"
977800;"Software/Categories/Education & Reference/Languages/German/Beginner"
977802;"Software/Categories/Education & Reference/Languages/German/Intermediate & Advanced"
977782;"Software/Categories/Education & Reference/Languages/German"
977792;"Software/Categories/Education & Reference/Languages/Italian/Beginner"
977794;"Software/Categories/Education & Reference/Languages/Italian/Intermediate & Advanced"
463956;"Software/Categories/Education & Reference/Languages/Italian/All"
977778;"Software/Categories/Education & Reference/Languages/Italian"
463954;"Software/Categories/Education & Reference/Languages/Japanese"
463958;"Software/Categories/Education & Reference/Languages/Portuguese"
463964;"Software/Categories/Education & Reference/Languages/Russian"
977796;"Software/Categories/Education & Reference/Languages/Spanish/Beginner"
977798;"Software/Categories/Education & Reference/Languages/Spanish/Intermediate & Advanced"
463950;"Software/Categories/Education & Reference/Languages/Spanish/All"
977780;"Software/Categories/Education & Reference/Languages/Spanish"
463962;"Software/Categories/Education & Reference/Languages/Other"
1193700;"Software/Categories/Education & Reference/Languages/Translations"
300449;"Software/Categories/Education & Reference/Languages"
600056;"Software/Categories/Business & Office/Legal"
600242;"Software/Categories/Video & Music/MP3"
599996;"Software/Categories/Home Computing/Utilities/PC Maintenance"
600044;"Software/Categories/Business & Office/Finance & Accounting/Personal Finance"
300491;"Software/Categories/Hobbies & Pastimes/Photo Editing"
300447;"Software/Categories/Education & Reference/Reference/Science & Nature"
300489;"Software/Categories/Hobbies & Pastimes/Special Interest"
912038;"Software/Categories/Hobbies & Pastimes/Sports"
300450;"Software/Categories/Education & Reference/Reference/Travel & Leisure Guides"
600238;"Software/Categories/Video & Music/CD & DVD Burning"
600242;"Software/Categories/Video & Music/MP3"
600240;"Software/Categories/Video & Music/Media Players"
600244;"Software/Categories/Video & Music/Music Appreciation"
600250;"Software/Categories/Video & Music/Music Instruction & Theory"
317254011;"Software/Categories/Video & Music/Music Production/Audio Conversion"
317255011;"Software/Categories/Video & Music/Music Production/Music Production Suites"
317253011;"Software/Categories/Video & Music/Music Production/Podcasting"
600254;"Software/Categories/Video & Music/Music Production/Sample Libraries"
600246;"Software/Categories/Video & Music/Music Production"
600252;"Software/Categories/Video & Music/Notation"
600256;"Software/Categories/Video & Music/Scriptwriting"
317257011;"Software/Categories/Video & Music/Video Production/Video Conversion"
317256011;"Software/Categories/Video & Music/Video Production/Video Effects & Filters"
317258011;"Software/Categories/Video & Music/Video Production/Video Production & Editing"
600248;"Software/Categories/Video & Music/Video Production"
600236;"Software/Categories/Video & Music"
599972;"Software/Categories/Home Computing/Route Planning"
300479;"Software/Categories/Hobbies & Pastimes"
599908;"Software/Categories/Home Computing/Career & Personal Development"
600030;"Software/Categories/Business & Office/Document Capture & Scanning"
599946;"Software/Categories/Home Computing/Legal"
600074;"Software/Categories/Business & Office/Office Applications/Databases"
600076;"Software/Categories/Business & Office/Office Applications/Licences"
600072;"Software/Categories/Business & Office/Office Applications/Presentation"
600070;"Software/Categories/Business & Office/Office Applications/Spreadsheets"
600068;"Software/Categories/Business & Office/Office Applications/Word Processing"
600066;"Software/Categories/Business & Office/Office Applications"
600078;"Software/Categories/Business & Office/Office Suites"
599948;"Software/Categories/Home Computing/Operating Systems"
599970;"Software/Categories/Home Computing/Personal Finance & Tax"
599972;"Software/Categories/Home Computing/Route Planning"
16305441;"Software/Categories/Security & Antivirus/Anti-spam"
599990;"Software/Categories/Security & Antivirus/Antivirus"
599992;"Software/Categories/Security & Antivirus/Backup & Recovery"
600004;"Software/Categories/Security & Antivirus/File Compression & Archiving"
600006;"Software/Categories/Security & Antivirus/File Conversion"
600008;"Software/Categories/Security & Antivirus/Partitions"
600010;"Software/Categories/Security & Antivirus/Security & Firewalls"
257073011;"Software/Categories/System Builder (OEM) Software/Security"
599988;"Software/Categories/Security & Antivirus"
599982;"Software/Categories/Student Licences"
3308501;"Software/Categories/Home Computing/Training & Tutorials/Applications & Operating Systems/Adobe Acrobat"
3308591;"Software/Categories/Home Computing/Training & Tutorials/Applications & Operating Systems/Adobe Framemaker"
3308611;"Software/Categories/Home Computing/Training & Tutorials/Applications & Operating Systems/Adobe GoLive"
3308621;"Software/Categories/Home Computing/Training & Tutorials/Applications & Operating Systems/Adobe Illustrator"
3308631;"Software/Categories/Home Computing/Training & Tutorials/Applications & Operating Systems/Adobe InDesign"
3308671;"Software/Categories/Home Computing/Training & Tutorials/Applications & Operating Systems/Adobe PageMaker"
3308691;"Software/Categories/Home Computing/Training & Tutorials/Applications & Operating Systems/Adobe Photoshop"
3308721;"Software/Categories/Home Computing/Training & Tutorials/Applications & Operating Systems/Adobe Premiere"
3308531;"Software/Categories/Home Computing/Training & Tutorials/Applications & Operating Systems/CorelDRAW"
3308571;"Software/Categories/Home Computing/Training & Tutorials/Applications & Operating Systems/Filemaker Pro"
3308681;"Software/Categories/Home Computing/Training & Tutorials/Applications & Operating Systems/Jasc Paint Shop Pro"
3308511;"Software/Categories/Home Computing/Training & Tutorials/Applications & Operating Systems/Macromedia Authorware"
3308541;"Software/Categories/Home Computing/Training & Tutorials/Applications & Operating Systems/Macromedia Director"
3308551;"Software/Categories/Home Computing/Training & Tutorials/Applications & Operating Systems/Macromedia Dreamweaver"
3308581;"Software/Categories/Home Computing/Training & Tutorials/Applications & Operating Systems/Macromedia Flash"
3308601;"Software/Categories/Home Computing/Training & Tutorials/Applications & Operating Systems/Macromedia Freehand"
3308491;"Software/Categories/Home Computing/Training & Tutorials/Applications & Operating Systems/Microsoft Access"
3308561;"Software/Categories/Home Computing/Training & Tutorials/Applications & Operating Systems/Microsoft Excel"
3308641;"Software/Categories/Home Computing/Training & Tutorials/Applications & Operating Systems/Microsoft Office"
3308661;"Software/Categories/Home Computing/Training & Tutorials/Applications & Operating Systems/Microsoft Outlook"
3308711;"Software/Categories/Home Computing/Training & Tutorials/Applications & Operating Systems/Microsoft Powerpoint"
3341501;"Software/Categories/Home Computing/Training & Tutorials/Applications & Operating Systems/Microsoft Word"
3308651;"Software/Categories/Home Computing/Training & Tutorials/Applications & Operating Systems/Oracle"
3308701;"Software/Categories/Home Computing/Training & Tutorials/Applications & Operating Systems/Poser"
3308731;"Software/Categories/Home Computing/Training & Tutorials/Applications & Operating Systems/QuarkXPress"
3308751;"Software/Categories/Home Computing/Training & Tutorials/Applications & Operating Systems/Visual Basic"
3308761;"Software/Categories/Home Computing/Training & Tutorials/Applications & Operating Systems/Windows 2000"
3308771;"Software/Categories/Home Computing/Training & Tutorials/Applications & Operating Systems/Windows 95, 98 & ME"
3308781;"Software/Categories/Home Computing/Training & Tutorials/Applications & Operating Systems/Windows NT"
3308791;"Software/Categories/Home Computing/Training & Tutorials/Applications & Operating Systems/Windows XP"
3308251;"Software/Categories/Home Computing/Training & Tutorials/Applications & Operating Systems"
3308301;"Software/Categories/Home Computing/Training & Tutorials/Business & Management Skills"
3308321;"Software/Categories/Home Computing/Training & Tutorials/Certification & Exam Training"
3308261;"Software/Categories/Home Computing/Training & Tutorials/Databases"
3308451;"Software/Categories/Home Computing/Training & Tutorials/Graphics & Video/3-D & CAD"
3308471;"Software/Categories/Home Computing/Training & Tutorials/Graphics & Video/Illustration"
3308421;"Software/Categories/Home Computing/Training & Tutorials/Graphics & Video/Image & Photo Editing"
3308441;"Software/Categories/Home Computing/Training & Tutorials/Graphics & Video/Multimedia Authoring"
3308461;"Software/Categories/Home Computing/Training & Tutorials/Graphics & Video/Page Layout & Print Publishing"
3308431;"Software/Categories/Home Computing/Training & Tutorials/Graphics & Video/Video Creation & Editing"
3308281;"Software/Categories/Home Computing/Training & Tutorials/Graphics & Video"
3308481;"Software/Categories/Home Computing/Training & Tutorials/Macintosh"
3308371;"Software/Categories/Home Computing/Training & Tutorials/New to Computing/Internet"
3308381;"Software/Categories/Home Computing/Training & Tutorials/New to Computing/Microsoft Access"
3308361;"Software/Categories/Home Computing/Training & Tutorials/New to Computing/Microsoft Excel"
3308341;"Software/Categories/Home Computing/Training & Tutorials/New to Computing/Microsoft Office"
3308391;"Software/Categories/Home Computing/Training & Tutorials/New to Computing/Microsoft Powerpoint"
3308401;"Software/Categories/Home Computing/Training & Tutorials/New to Computing/Microsoft Word"
3308351;"Software/Categories/Home Computing/Training & Tutorials/New to Computing/PCs & Windows"
3308331;"Software/Categories/Home Computing/Training & Tutorials/New to Computing/Typing"
3308311;"Software/Categories/Home Computing/Training & Tutorials/New to Computing"
3308271;"Software/Categories/Home Computing/Training & Tutorials/Programming & Web Development"
3308291;"Software/Categories/Home Computing/Training & Tutorials/Web Design"
599984;"Software/Categories/Home Computing/Training & Tutorials/All Titles"
3308241;"Software/Categories/Home Computing/Training & Tutorials"
599986;"Software/Categories/Home Computing/Typing"
599994;"Software/Categories/Home Computing/Utilities/CD & DVD Burning"
600000;"Software/Categories/Home Computing/Utilities/Desktop Accessories"
600002;"Software/Categories/Home Computing/Utilities/Emulators"
599996;"Software/Categories/Home Computing/Utilities/PC Maintenance"
600012;"Software/Categories/Home Computing/Utilities/Utility Suites"
599998;"Software/Categories/Home Computing/Utilities/Voice Recognition"
320423011;"Software/Categories/Home Computing/Utilities"
599892;"Software/Categories/Home Computing"
463952;"Software/Categories/Education & Reference/Languages/Chinese"
463960;"Software/Categories/Education & Reference/Languages/Dutch"
977788;"Software/Categories/Education & Reference/Languages/English/Beginner"
977790;"Software/Categories/Education & Reference/Languages/English/Intermediate & Advanced"
977776;"Software/Categories/Education & Reference/Languages/English"
977784;"Software/Categories/Education & Reference/Languages/French/Beginner"
977786;"Software/Categories/Education & Reference/Languages/French/Intermediate & Advanced"
977774;"Software/Categories/Education & Reference/Languages/French"
977800;"Software/Categories/Education & Reference/Languages/German/Beginner"
977802;"Software/Categories/Education & Reference/Languages/German/Intermediate & Advanced"
977782;"Software/Categories/Education & Reference/Languages/German"
977792;"Software/Categories/Education & Reference/Languages/Italian/Beginner"
977794;"Software/Categories/Education & Reference/Languages/Italian/Intermediate & Advanced"
463956;"Software/Categories/Education & Reference/Languages/Italian/All"
977778;"Software/Categories/Education & Reference/Languages/Italian"
463954;"Software/Categories/Education & Reference/Languages/Japanese"
463958;"Software/Categories/Education & Reference/Languages/Portuguese"
463964;"Software/Categories/Education & Reference/Languages/Russian"
977796;"Software/Categories/Education & Reference/Languages/Spanish/Beginner"
977798;"Software/Categories/Education & Reference/Languages/Spanish/Intermediate & Advanced"
463950;"Software/Categories/Education & Reference/Languages/Spanish/All"
977780;"Software/Categories/Education & Reference/Languages/Spanish"
463962;"Software/Categories/Education & Reference/Languages/Other"
1193700;"Software/Categories/Education & Reference/Languages/Translations"
300449;"Software/Categories/Education & Reference/Languages"
599948;"Software/Categories/Home Computing/Operating Systems"
16305421;"Software/Categories/Programming & Web Development/All Programming & Web Development"
317252011;"Software/Categories/Programming & Web Development/Blogging"
600198;"Software/Categories/Programming & Web Development/Databases & Reporting/Access"
600200;"Software/Categories/Programming & Web Development/Databases & Reporting/Crystal Reports"
600196;"Software/Categories/Programming & Web Development/Databases & Reporting/Delphi"
600194;"Software/Categories/Programming & Web Development/Databases & Reporting/FileMaker"
600202;"Software/Categories/Programming & Web Development/Databases & Reporting/Other"
600192;"Software/Categories/Programming & Web Development/Databases & Reporting/SQL"
600190;"Software/Categories/Programming & Web Development/Databases & Reporting"
600204;"Software/Categories/Programming & Web Development/Development Utilities"
600206;"Software/Categories/Programming & Web Development/E-commerce"
600210;"Software/Categories/Programming & Web Development/Programming Languages/C & C++"
600220;"Software/Categories/Programming & Web Development/Programming Languages/Game Programming"
600214;"Software/Categories/Programming & Web Development/Programming Languages/Java"
600212;"Software/Categories/Programming & Web Development/Programming Languages/Visual Basic"
600218;"Software/Categories/Programming & Web Development/Programming Languages/Web Programming"
600216;"Software/Categories/Programming & Web Development/Programming Languages/Other Languages"
600208;"Software/Categories/Programming & Web Development/Programming Languages"
600222;"Software/Categories/Programming & Web Development/Student & Learning Editions"
600232;"Software/Categories/Programming & Web Development/Web Page Editing & Effects"
600218;"Software/Categories/Programming & Web Development/Programming Languages/Web Programming"
600230;"Software/Categories/Programming & Web Development/Web Site Creation & Management"
600188;"Software/Categories/Programming & Web Development"
16305441;"Software/Categories/Security & Antivirus/Anti-spam"
599990;"Software/Categories/Security & Antivirus/Antivirus"
599992;"Software/Categories/Security & Antivirus/Backup & Recovery"
600004;"Software/Categories/Security & Antivirus/File Compression & Archiving"
600006;"Software/Categories/Security & Antivirus/File Conversion"
600008;"Software/Categories/Security & Antivirus/Partitions"
600010;"Software/Categories/Security & Antivirus/Security & Firewalls"
257073011;"Software/Categories/System Builder (OEM) Software/Security"
599988;"Software/Categories/Security & Antivirus"
599982;"Software/Categories/Student Licences"
187821011;"Software/Categories/System Builder (OEM) Software/Home Computing"
187819011;"Software/Categories/System Builder (OEM) Software/Office Software"
187818011;"Software/Categories/System Builder (OEM) Software/Operating Systems"
257073011;"Software/Categories/System Builder (OEM) Software/Security"
187820011;"Software/Categories/System Builder (OEM) Software/Server Software"
16416481;"Software/Categories/System Builder (OEM) Software"
600238;"Software/Categories/Video & Music/CD & DVD Burning"
600242;"Software/Categories/Video & Music/MP3"
600240;"Software/Categories/Video & Music/Media Players"
600244;"Software/Categories/Video & Music/Music Appreciation"
600250;"Software/Categories/Video & Music/Music Instruction & Theory"
317254011;"Software/Categories/Video & Music/Music Production/Audio Conversion"
317255011;"Software/Categories/Video & Music/Music Production/Music Production Suites"
317253011;"Software/Categories/Video & Music/Music Production/Podcasting"
600254;"Software/Categories/Video & Music/Music Production/Sample Libraries"
600246;"Software/Categories/Video & Music/Music Production"
600252;"Software/Categories/Video & Music/Notation"
600256;"Software/Categories/Video & Music/Scriptwriting"
317257011;"Software/Categories/Video & Music/Video Production/Video Conversion"
317256011;"Software/Categories/Video & Music/Video Production/Video Effects & Filters"
317258011;"Software/Categories/Video & Music/Video Production/Video Production & Editing"
600248;"Software/Categories/Video & Music/Video Production"
600236;"Software/Categories/Video & Music"
1025614;"Software/Categories"
