589884;"Toys & Games/Special Features/Age Ranges"
1193732;"Toys & Games/Special Features/Christmas Shop"
310669011;"Toys & Games/Special Features/Clearance"
405646031;"Toys & Games/Special Features/Content Stores/Brands"
405648031;"Toys & Games/Special Features/Content Stores/Special Offers"
401433011;"Toys & Games/Special Features/Content Stores"
10771331;"Toys & Games/Special Features/Custom Stores/Experiences/Extreme Activities/Activity Experience"
10771301;"Toys & Games/Special Features/Custom Stores/Experiences/Extreme Activities/Bungee Jumping"
16047751;"Toys & Games/Special Features/Custom Stores/Experiences/Extreme Activities/Coasteering"
16050871;"Toys & Games/Special Features/Custom Stores/Experiences/Extreme Activities/SAS"
10771341;"Toys & Games/Special Features/Custom Stores/Experiences/Extreme Activities/Sphering"
10771311;"Toys & Games/Special Features/Custom Stores/Experiences/Extreme Activities/Stuntman Experience"
10771321;"Toys & Games/Special Features/Custom Stores/Experiences/Extreme Activities/Survival Experience"
10771281;"Toys & Games/Special Features/Custom Stores/Experiences/Extreme Activities"
16047781;"Toys & Games/Special Features/Custom Stores/Experiences/Family Photographs"
10771371;"Toys & Games/Special Features/Custom Stores/Experiences/Fashion & Clothes/Coordinating Clothes"
16050981;"Toys & Games/Special Features/Custom Stores/Experiences/Fashion & Clothes/Hair Styling"
10771381;"Toys & Games/Special Features/Custom Stores/Experiences/Fashion & Clothes/Make-up"
10771391;"Toys & Games/Special Features/Custom Stores/Experiences/Fashion & Clothes/Professional Photography"
10771361;"Toys & Games/Special Features/Custom Stores/Experiences/Fashion & Clothes"
16050891;"Toys & Games/Special Features/Custom Stores/Experiences/Flowers & Gardening"
10771431;"Toys & Games/Special Features/Custom Stores/Experiences/Flying Experience/Aircraft"
10771411;"Toys & Games/Special Features/Custom Stores/Experiences/Flying Experience/Balloon Flights"
10771471;"Toys & Games/Special Features/Custom Stores/Experiences/Flying Experience/Extreme Aerobatics"
10771481;"Toys & Games/Special Features/Custom Stores/Experiences/Flying Experience/Gliders"
10771441;"Toys & Games/Special Features/Custom Stores/Experiences/Flying Experience/Helicopter"
10771461;"Toys & Games/Special Features/Custom Stores/Experiences/Flying Experience/Microlight"
10771401;"Toys & Games/Special Features/Custom Stores/Experiences/Flying Experience"
10771521;"Toys & Games/Special Features/Custom Stores/Experiences/Food & Drink/Celebrity Chef"
16050901;"Toys & Games/Special Features/Custom Stores/Experiences/Food & Drink/Cocktail Making"
10771511;"Toys & Games/Special Features/Custom Stores/Experiences/Food & Drink/Cooking"
10771531;"Toys & Games/Special Features/Custom Stores/Experiences/Food & Drink/Dining"
10771501;"Toys & Games/Special Features/Custom Stores/Experiences/Food & Drink/Wine Tasting"
10771491;"Toys & Games/Special Features/Custom Stores/Experiences/Food & Drink"
10771261;"Toys & Games/Special Features/Custom Stores/Experiences/Full Days"
10771251;"Toys & Games/Special Features/Custom Stores/Experiences/Half Days"
10771541;"Toys & Games/Special Features/Custom Stores/Experiences/Lessons"
10771571;"Toys & Games/Special Features/Custom Stores/Experiences/Military Experience/Military Day"
16047741;"Toys & Games/Special Features/Custom Stores/Experiences/Military Experience/Submarine Dive"
10771561;"Toys & Games/Special Features/Custom Stores/Experiences/Military Experience/Tank Driving"
10771551;"Toys & Games/Special Features/Custom Stores/Experiences/Military Experience"
10771601;"Toys & Games/Special Features/Custom Stores/Experiences/Miscellaneous/Astronomy"
10771581;"Toys & Games/Special Features/Custom Stores/Experiences/Miscellaneous"
10771651;"Toys & Games/Special Features/Custom Stores/Experiences/Motor Sports/Car Racing"
10771721;"Toys & Games/Special Features/Custom Stores/Experiences/Motor Sports/Classic Car Experience"
10771701;"Toys & Games/Special Features/Custom Stores/Experiences/Motor Sports/Formula One Driving"
10771691;"Toys & Games/Special Features/Custom Stores/Experiences/Motor Sports/JCB Racing"
10771711;"Toys & Games/Special Features/Custom Stores/Experiences/Motor Sports/Karting"
16047801;"Toys & Games/Special Features/Custom Stores/Experiences/Motor Sports/Learning to Drive"
10771621;"Toys & Games/Special Features/Custom Stores/Experiences/Motor Sports/Motorcross"
10771641;"Toys & Games/Special Features/Custom Stores/Experiences/Motor Sports/Motorcycle Experience"
10771661;"Toys & Games/Special Features/Custom Stores/Experiences/Motor Sports/Off-road"
10771631;"Toys & Games/Special Features/Custom Stores/Experiences/Motor Sports/Quad Biking"
10771671;"Toys & Games/Special Features/Custom Stores/Experiences/Motor Sports/Rally Skills"
10771681;"Toys & Games/Special Features/Custom Stores/Experiences/Motor Sports/Skid Pan Experience"
10771731;"Toys & Games/Special Features/Custom Stores/Experiences/Motor Sports/Sports Cars"
10771741;"Toys & Games/Special Features/Custom Stores/Experiences/Motor Sports/Stock Cars"
16050881;"Toys & Games/Special Features/Custom Stores/Experiences/Motor Sports/Truck Driving"
10771611;"Toys & Games/Special Features/Custom Stores/Experiences/Motor Sports"
10771811;"Toys & Games/Special Features/Custom Stores/Experiences/Music & Entertainment/Make Me a Star"
10771821;"Toys & Games/Special Features/Custom Stores/Experiences/Music & Entertainment/Recording Studio"
10771801;"Toys & Games/Special Features/Custom Stores/Experiences/Music & Entertainment/TV Presenter"
10771751;"Toys & Games/Special Features/Custom Stores/Experiences/Music & Entertainment"
10771831;"Toys & Games/Special Features/Custom Stores/Experiences/Rental"
10771841;"Toys & Games/Special Features/Custom Stores/Experiences/Role Play"
10771871;"Toys & Games/Special Features/Custom Stores/Experiences/Self-indulgence/Chocoholic Weekends"
10771861;"Toys & Games/Special Features/Custom Stores/Experiences/Self-indulgence/Health Spas"
10771881;"Toys & Games/Special Features/Custom Stores/Experiences/Self-indulgence/Massage"
16050991;"Toys & Games/Special Features/Custom Stores/Experiences/Self-indulgence/Relaxation"
10771851;"Toys & Games/Special Features/Custom Stores/Experiences/Self-indulgence"
10771921;"Toys & Games/Special Features/Custom Stores/Experiences/Special Events/All-day Activity Day"
10771911;"Toys & Games/Special Features/Custom Stores/Experiences/Special Events/Cowboy"
16047791;"Toys & Games/Special Features/Custom Stores/Experiences/Special Events/Newspaper Archives"
10771891;"Toys & Games/Special Features/Custom Stores/Experiences/Special Events"
10772071;"Toys & Games/Special Features/Custom Stores/Experiences/Sports & Fitness/Animal Sports/Birds of Prey"
10772051;"Toys & Games/Special Features/Custom Stores/Experiences/Sports & Fitness/Animal Sports"
10772121;"Toys & Games/Special Features/Custom Stores/Experiences/Sports & Fitness/Cricket"
10772041;"Toys & Games/Special Features/Custom Stores/Experiences/Sports & Fitness/Fishing"
16050941;"Toys & Games/Special Features/Custom Stores/Experiences/Sports & Fitness/Fitness"
10772101;"Toys & Games/Special Features/Custom Stores/Experiences/Sports & Fitness/Football"
10772091;"Toys & Games/Special Features/Custom Stores/Experiences/Sports & Fitness/Land Yachting"
16050861;"Toys & Games/Special Features/Custom Stores/Experiences/Sports & Fitness/Rugby"
16047851;"Toys & Games/Special Features/Custom Stores/Experiences/Sports & Fitness/Snooker"
16050911;"Toys & Games/Special Features/Custom Stores/Experiences/Sports & Fitness/Water Sports/Life Boats"
10771991;"Toys & Games/Special Features/Custom Stores/Experiences/Sports & Fitness/Water Sports/Scuba Diving"
10771971;"Toys & Games/Special Features/Custom Stores/Experiences/Sports & Fitness/Water Sports/Water Rafting"
10771961;"Toys & Games/Special Features/Custom Stores/Experiences/Sports & Fitness/Water Sports/Water-skiing"
10771951;"Toys & Games/Special Features/Custom Stores/Experiences/Sports & Fitness/Water Sports"
10771941;"Toys & Games/Special Features/Custom Stores/Experiences/Sports & Fitness"
10772151;"Toys & Games/Special Features/Custom Stores/Experiences/Travelling/Steam Journeys"
10772131;"Toys & Games/Special Features/Custom Stores/Experiences/Travelling"
10771271;"Toys & Games/Special Features/Custom Stores/Experiences/Weekends"
10772171;"Toys & Games/Special Features/Custom Stores/Experiences/Working with Animals"
10771241;"Toys & Games/Special Features/Custom Stores/Experiences"
180055031;"Toys & Games/Special Features/Custom Stores/LeapFrog/By Age/Birth +"
180056031;"Toys & Games/Special Features/Custom Stores/LeapFrog/By Age/12 Months +"
180057031;"Toys & Games/Special Features/Custom Stores/LeapFrog/By Age/2 Years +"
180058031;"Toys & Games/Special Features/Custom Stores/LeapFrog/By Age/4 Years +"
180054031;"Toys & Games/Special Features/Custom Stores/LeapFrog/By Age"
677556011;"Toys & Games/Special Features/Custom Stores/LeapFrog/By Type/Early Computer Skills"
677555011;"Toys & Games/Special Features/Custom Stores/LeapFrog/By Type/Educational Gaming"
677559011;"Toys & Games/Special Features/Custom Stores/LeapFrog/By Type/Fridge Fun"
677554011;"Toys & Games/Special Features/Custom Stores/LeapFrog/By Type/Language Development"
677558011;"Toys & Games/Special Features/Custom Stores/LeapFrog/By Type/Learning Through Discovery"
677557011;"Toys & Games/Special Features/Custom Stores/LeapFrog/By Type/Learning Through Music"
677553011;"Toys & Games/Special Features/Custom Stores/LeapFrog/By Type/Reading"
677552011;"Toys & Games/Special Features/Custom Stores/LeapFrog/By Type"
180050031;"Toys & Games/Special Features/Custom Stores/LeapFrog/Popular Products/LeapFrog Baby"
677577011;"Toys & Games/Special Features/Custom Stores/LeapFrog/Popular Products/Tag Reading System/Cat in the Hat"
677578011;"Toys & Games/Special Features/Custom Stores/LeapFrog/Popular Products/Tag Reading System/Disney Cars"
677579011;"Toys & Games/Special Features/Custom Stores/LeapFrog/Popular Products/Tag Reading System/Disney Princesses"
677580011;"Toys & Games/Special Features/Custom Stores/LeapFrog/Popular Products/Tag Reading System/Go Diego Go"
677581011;"Toys & Games/Special Features/Custom Stores/LeapFrog/Popular Products/Tag Reading System/Kung Fu Panda"
677582011;"Toys & Games/Special Features/Custom Stores/LeapFrog/Popular Products/Tag Reading System/Olivia"
677583011;"Toys & Games/Special Features/Custom Stores/LeapFrog/Popular Products/Tag Reading System/Paddington"
677584011;"Toys & Games/Special Features/Custom Stores/LeapFrog/Popular Products/Tag Reading System/Spongebob Squarepants"
677576011;"Toys & Games/Special Features/Custom Stores/LeapFrog/Popular Products/Tag Reading System"
677595011;"Toys & Games/Special Features/Custom Stores/LeapFrog/Popular Products/Leapster 2/Disney Pixar Cars Supercharged"
677596011;"Toys & Games/Special Features/Custom Stores/LeapFrog/Popular Products/Leapster 2/Disney Princesses"
677597011;"Toys & Games/Special Features/Custom Stores/LeapFrog/Popular Products/Leapster 2/Dora the Explore"
677598011;"Toys & Games/Special Features/Custom Stores/LeapFrog/Popular Products/Leapster 2/Go Diego Go"
677599011;"Toys & Games/Special Features/Custom Stores/LeapFrog/Popular Products/Leapster 2/Ratatouille"
677600011;"Toys & Games/Special Features/Custom Stores/LeapFrog/Popular Products/Leapster 2/Sonic X"
677601011;"Toys & Games/Special Features/Custom Stores/LeapFrog/Popular Products/Leapster 2/Spongebob Squarepants"
677602011;"Toys & Games/Special Features/Custom Stores/LeapFrog/Popular Products/Leapster 2/Star Wars: The Clone Wars"
677603011;"Toys & Games/Special Features/Custom Stores/LeapFrog/Popular Products/Leapster 2/Wall-E"
677594011;"Toys & Games/Special Features/Custom Stores/LeapFrog/Popular Products/Leapster 2"
677586011;"Toys & Games/Special Features/Custom Stores/LeapFrog/Popular Products/ClickStart My First Computer/Backyardigans"
677587011;"Toys & Games/Special Features/Custom Stores/LeapFrog/Popular Products/ClickStart My First Computer/Bob the Builder"
677588011;"Toys & Games/Special Features/Custom Stores/LeapFrog/Popular Products/ClickStart My First Computer/Disney Princesses"
677589011;"Toys & Games/Special Features/Custom Stores/LeapFrog/Popular Products/ClickStart My First Computer/Dora the Explorer"
677590011;"Toys & Games/Special Features/Custom Stores/LeapFrog/Popular Products/ClickStart My First Computer/Finding Nemo"
677591011;"Toys & Games/Special Features/Custom Stores/LeapFrog/Popular Products/ClickStart My First Computer/Go Diego Go"
677592011;"Toys & Games/Special Features/Custom Stores/LeapFrog/Popular Products/ClickStart My First Computer/Thomas & Friends"
677593011;"Toys & Games/Special Features/Custom Stores/LeapFrog/Popular Products/ClickStart My First Computer/Toy Story"
677585011;"Toys & Games/Special Features/Custom Stores/LeapFrog/Popular Products/ClickStart My First Computer"
677571011;"Toys & Games/Special Features/Custom Stores/LeapFrog/Popular Products/My First LeapPad/Bob the Builder"
677572011;"Toys & Games/Special Features/Custom Stores/LeapFrog/Popular Products/My First LeapPad/Disney Pixar Cars"
677573011;"Toys & Games/Special Features/Custom Stores/LeapFrog/Popular Products/My First LeapPad/Disney Princess"
677574011;"Toys & Games/Special Features/Custom Stores/LeapFrog/Popular Products/My First LeapPad/Dora the Explorer"
677569011;"Toys & Games/Special Features/Custom Stores/LeapFrog/Popular Products/My First LeapPad/Ratatouille"
677570011;"Toys & Games/Special Features/Custom Stores/LeapFrog/Popular Products/My First LeapPad/Thomas"
677575011;"Toys & Games/Special Features/Custom Stores/LeapFrog/Popular Products/My First LeapPad/Winnie the Pooh"
677568011;"Toys & Games/Special Features/Custom Stores/LeapFrog/Popular Products/My First LeapPad"
677566011;"Toys & Games/Special Features/Custom Stores/LeapFrog/Popular Products/LittleTouch LeapPad/Animal Dance"
677565011;"Toys & Games/Special Features/Custom Stores/LeapFrog/Popular Products/LittleTouch LeapPad/Animal World"
677567011;"Toys & Games/Special Features/Custom Stores/LeapFrog/Popular Products/LittleTouch LeapPad/Baby Animals"
677563011;"Toys & Games/Special Features/Custom Stores/LeapFrog/Popular Products/LittleTouch LeapPad/Baby`s First Words"
677562011;"Toys & Games/Special Features/Custom Stores/LeapFrog/Popular Products/LittleTouch LeapPad/Guess How Much I Love You"
677561011;"Toys & Games/Special Features/Custom Stores/LeapFrog/Popular Products/LittleTouch LeapPad/Peter Rabbit"
677564011;"Toys & Games/Special Features/Custom Stores/LeapFrog/Popular Products/LittleTouch LeapPad/Pooh Loves You"
677560011;"Toys & Games/Special Features/Custom Stores/LeapFrog/Popular Products/LittleTouch LeapPad"
180049031;"Toys & Games/Special Features/Custom Stores/LeapFrog/Popular Products"
677606011;"Toys & Games/Special Features/Custom Stores/LeapFrog/By License/Backyardigans"
677607011;"Toys & Games/Special Features/Custom Stores/LeapFrog/By License/Bob the Builder"
677608011;"Toys & Games/Special Features/Custom Stores/LeapFrog/By License/Cat in the Hat"
677609011;"Toys & Games/Special Features/Custom Stores/LeapFrog/By License/Disney Pixar Cars"
677610011;"Toys & Games/Special Features/Custom Stores/LeapFrog/By License/Disney Pixar Cars Supercharged"
677611011;"Toys & Games/Special Features/Custom Stores/LeapFrog/By License/Disney Princesses"
677612011;"Toys & Games/Special Features/Custom Stores/LeapFrog/By License/Dora the Explorer"
677613011;"Toys & Games/Special Features/Custom Stores/LeapFrog/By License/Finding Nemo"
677614011;"Toys & Games/Special Features/Custom Stores/LeapFrog/By License/Go Diego Go"
677615011;"Toys & Games/Special Features/Custom Stores/LeapFrog/By License/Kung Fu Panda"
677616011;"Toys & Games/Special Features/Custom Stores/LeapFrog/By License/Olivia"
677617011;"Toys & Games/Special Features/Custom Stores/LeapFrog/By License/Paddington Bear"
677618011;"Toys & Games/Special Features/Custom Stores/LeapFrog/By License/Ratatouille"
677619011;"Toys & Games/Special Features/Custom Stores/LeapFrog/By License/Sonic X"
677620011;"Toys & Games/Special Features/Custom Stores/LeapFrog/By License/Spongebob Squarepants"
677621011;"Toys & Games/Special Features/Custom Stores/LeapFrog/By License/Star Wars: The Clone Wars"
677622011;"Toys & Games/Special Features/Custom Stores/LeapFrog/By License/Thomas & Friends"
677623011;"Toys & Games/Special Features/Custom Stores/LeapFrog/By License/Toy Story"
677624011;"Toys & Games/Special Features/Custom Stores/LeapFrog/By License/Wall-E"
677625011;"Toys & Games/Special Features/Custom Stores/LeapFrog/By License/Winnie the Pooh"
677605011;"Toys & Games/Special Features/Custom Stores/LeapFrog/By License"
677551011;"Toys & Games/Special Features/Custom Stores/LeapFrog"
378065011;"Toys & Games/Special Features/Custom Stores/Ravensburger Store/Adult Puzzles/500 Pieces"
378066011;"Toys & Games/Special Features/Custom Stores/Ravensburger Store/Adult Puzzles/1000 Pieces"
378067011;"Toys & Games/Special Features/Custom Stores/Ravensburger Store/Adult Puzzles/1500 Pieces"
378068011;"Toys & Games/Special Features/Custom Stores/Ravensburger Store/Adult Puzzles/2000+"
378069011;"Toys & Games/Special Features/Custom Stores/Ravensburger Store/Adult Puzzles/Puzzleball"
378070011;"Toys & Games/Special Features/Custom Stores/Ravensburger Store/Adult Puzzles/Extras"
378064011;"Toys & Games/Special Features/Custom Stores/Ravensburger Store/Adult Puzzles"
378086011;"Toys & Games/Special Features/Custom Stores/Ravensburger Store/Arts & Crafts/Disney"
378085011;"Toys & Games/Special Features/Custom Stores/Ravensburger Store/Arts & Crafts/Mandala-Designer"
378083011;"Toys & Games/Special Features/Custom Stores/Ravensburger Store/Arts & Crafts/Painting By Numbers"
378084011;"Toys & Games/Special Features/Custom Stores/Ravensburger Store/Arts & Crafts/Science X"
378082011;"Toys & Games/Special Features/Custom Stores/Ravensburger Store/Arts & Crafts"
378059011;"Toys & Games/Special Features/Custom Stores/Ravensburger Store/Children's Puzzles/20 - 60 Pieces"
378060011;"Toys & Games/Special Features/Custom Stores/Ravensburger Store/Children's Puzzles/100 Pieces"
378061011;"Toys & Games/Special Features/Custom Stores/Ravensburger Store/Children's Puzzles/200 Pieces"
378062011;"Toys & Games/Special Features/Custom Stores/Ravensburger Store/Children's Puzzles/300 Pieces"
378063011;"Toys & Games/Special Features/Custom Stores/Ravensburger Store/Children's Puzzles/Puzzleball"
378057011;"Toys & Games/Special Features/Custom Stores/Ravensburger Store/Children's Puzzles/Wooden puzzles"
378058011;"Toys & Games/Special Features/Custom Stores/Ravensburger Store/Children's Puzzles/Giant Floor & Big pieces"
378056011;"Toys & Games/Special Features/Custom Stores/Ravensburger Store/Children's Puzzles"
378080011;"Toys & Games/Special Features/Custom Stores/Ravensburger Store/Games/Cards"
378078011;"Toys & Games/Special Features/Custom Stores/Ravensburger Store/Games/Children's"
378079011;"Toys & Games/Special Features/Custom Stores/Ravensburger Store/Games/Family & Adult"
378081011;"Toys & Games/Special Features/Custom Stores/Ravensburger Store/Games/Memory"
378077011;"Toys & Games/Special Features/Custom Stores/Ravensburger Store/Games"
378073011;"Toys & Games/Special Features/Custom Stores/Ravensburger Store/Puzzleball/Adult"
378072011;"Toys & Games/Special Features/Custom Stores/Ravensburger Store/Puzzleball/Children's"
378071011;"Toys & Games/Special Features/Custom Stores/Ravensburger Store/Puzzleball"
378075011;"Toys & Games/Special Features/Custom Stores/Ravensburger Store/Thinkfun Brainteasers/Under 10 years"
378076011;"Toys & Games/Special Features/Custom Stores/Ravensburger Store/Thinkfun Brainteasers/Over 10 years"
378074011;"Toys & Games/Special Features/Custom Stores/Ravensburger Store/Thinkfun Brainteasers"
378055011;"Toys & Games/Special Features/Custom Stores/Ravensburger Store"
13761731;"Toys & Games/Special Features/Custom Stores/Summer Sale"
673273011;"Toys & Games/Special Features/Custom Stores/Worlds Apart/Ready Beds/My First Ready Beds/Boys"
673274011;"Toys & Games/Special Features/Custom Stores/Worlds Apart/Ready Beds/My First Ready Beds/Girls"
673275011;"Toys & Games/Special Features/Custom Stores/Worlds Apart/Ready Beds/My First Ready Beds/Unisex"
673272011;"Toys & Games/Special Features/Custom Stores/Worlds Apart/Ready Beds/My First Ready Beds"
673277011;"Toys & Games/Special Features/Custom Stores/Worlds Apart/Ready Beds/Junior Ready Beds/Boys"
673278011;"Toys & Games/Special Features/Custom Stores/Worlds Apart/Ready Beds/Junior Ready Beds/Girls"
673279011;"Toys & Games/Special Features/Custom Stores/Worlds Apart/Ready Beds/Junior Ready Beds/Unisex"
673276011;"Toys & Games/Special Features/Custom Stores/Worlds Apart/Ready Beds/Junior Ready Beds"
673281011;"Toys & Games/Special Features/Custom Stores/Worlds Apart/Ready Beds/Tween Ready Beds/Boys"
673282011;"Toys & Games/Special Features/Custom Stores/Worlds Apart/Ready Beds/Tween Ready Beds/Girls"
673283011;"Toys & Games/Special Features/Custom Stores/Worlds Apart/Ready Beds/Tween Ready Beds/Unisex"
673280011;"Toys & Games/Special Features/Custom Stores/Worlds Apart/Ready Beds/Tween Ready Beds"
673284011;"Toys & Games/Special Features/Custom Stores/Worlds Apart/Ready Beds/Camping Ready Beds"
673285011;"Toys & Games/Special Features/Custom Stores/Worlds Apart/Ready Beds/Adult Guest Beds"
673271011;"Toys & Games/Special Features/Custom Stores/Worlds Apart/Ready Beds"
673290011;"Toys & Games/Special Features/Custom Stores/Worlds Apart/Dreamtown/Cherry Blossom Stores/Accessories"
673289011;"Toys & Games/Special Features/Custom Stores/Worlds Apart/Dreamtown/Cherry Blossom Stores"
302544031;"Toys & Games/Special Features/Custom Stores/Worlds Apart/Dreamtown/Crystal Castle"
302545031;"Toys & Games/Special Features/Custom Stores/Worlds Apart/Dreamtown/Gaskett's Garage"
673288011;"Toys & Games/Special Features/Custom Stores/Worlds Apart/Dreamtown/Rose Petal Cottage/Accessories"
673287011;"Toys & Games/Special Features/Custom Stores/Worlds Apart/Dreamtown/Rose Petal Cottage"
673286011;"Toys & Games/Special Features/Custom Stores/Worlds Apart/Dreamtown"
673292011;"Toys & Games/Special Features/Custom Stores/Worlds Apart/Swap Tops/Kitchen"
673293011;"Toys & Games/Special Features/Custom Stores/Worlds Apart/Swap Tops/Workbench"
673291011;"Toys & Games/Special Features/Custom Stores/Worlds Apart/Swap Tops"
673295011;"Toys & Games/Special Features/Custom Stores/Worlds Apart/Slumber/Sleeping Bags"
673294011;"Toys & Games/Special Features/Custom Stores/Worlds Apart/Slumber"
673299011;"Toys & Games/Special Features/Custom Stores/Worlds Apart/Ready Room/Bed Canopies"
673306011;"Toys & Games/Special Features/Custom Stores/Worlds Apart/Ready Room/Chairs/Gaming"
673305011;"Toys & Games/Special Features/Custom Stores/Worlds Apart/Ready Room/Chairs/Inflatable"
673304011;"Toys & Games/Special Features/Custom Stores/Worlds Apart/Ready Room/Chairs"
673300011;"Toys & Games/Special Features/Custom Stores/Worlds Apart/Ready Room/Door Decors"
673302011;"Toys & Games/Special Features/Custom Stores/Worlds Apart/Ready Room/Sofas and Chairs/Junior"
673303011;"Toys & Games/Special Features/Custom Stores/Worlds Apart/Ready Room/Sofas and Chairs/Tween"
673301011;"Toys & Games/Special Features/Custom Stores/Worlds Apart/Ready Room/Sofas and Chairs"
673297011;"Toys & Games/Special Features/Custom Stores/Worlds Apart/Ready Room/Go Glow Light"
673298011;"Toys & Games/Special Features/Custom Stores/Worlds Apart/Ready Room/Go Glow Time"
673309011;"Toys & Games/Special Features/Custom Stores/Worlds Apart/Ready Room/Microphone Alarm Clocks"
673307011;"Toys & Games/Special Features/Custom Stores/Worlds Apart/Ready Room/Storage"
673308011;"Toys & Games/Special Features/Custom Stores/Worlds Apart/Ready Room/Toddler Beds"
673296011;"Toys & Games/Special Features/Custom Stores/Worlds Apart/Ready Room"
673311011;"Toys & Games/Special Features/Custom Stores/Worlds Apart/Kid Venture/Adventure Play Sets"
673314011;"Toys & Games/Special Features/Custom Stores/Worlds Apart/Kid Venture/Flying Toys"
673313011;"Toys & Games/Special Features/Custom Stores/Worlds Apart/Kid Venture/Kites"
673312011;"Toys & Games/Special Features/Custom Stores/Worlds Apart/Kid Venture/Trampolines"
673310011;"Toys & Games/Special Features/Custom Stores/Worlds Apart/Kid Venture"
673317011;"Toys & Games/Special Features/Custom Stores/Worlds Apart/Pop 'n' Fun/Fisher-Price"
673319011;"Toys & Games/Special Features/Custom Stores/Worlds Apart/Pop 'n' Fun/Pop 'n' Go"
673316011;"Toys & Games/Special Features/Custom Stores/Worlds Apart/Pop 'n' Fun/Pop-up Tents"
673318011;"Toys & Games/Special Features/Custom Stores/Worlds Apart/Pop 'n' Fun/Sun Protection"
673315011;"Toys & Games/Special Features/Custom Stores/Worlds Apart/Pop 'n' Fun"
673270011;"Toys & Games/Special Features/Custom Stores/Worlds Apart"
129354031;"Toys & Games/Special Features/Custom Stores/LEGO DUPLO/LEGO DUPLO Town/Emergency Services"
129355031;"Toys & Games/Special Features/Custom Stores/LEGO DUPLO/LEGO DUPLO Town/Town Activities"
129356031;"Toys & Games/Special Features/Custom Stores/LEGO DUPLO/LEGO DUPLO Town/Construction"
129357031;"Toys & Games/Special Features/Custom Stores/LEGO DUPLO/LEGO DUPLO Town/Farm"
212952031;"Toys & Games/Special Features/Custom Stores/LEGO DUPLO/LEGO DUPLO Town/Zoo"
129346031;"Toys & Games/Special Features/Custom Stores/LEGO DUPLO/LEGO DUPLO Town"
129347031;"Toys & Games/Special Features/Custom Stores/LEGO DUPLO/LEGO DUPLO Dino"
129348031;"Toys & Games/Special Features/Custom Stores/LEGO DUPLO/LEGO DUPLO Princess"
129349031;"Toys & Games/Special Features/Custom Stores/LEGO DUPLO/Thomas & Friends"
129350031;"Toys & Games/Special Features/Custom Stores/LEGO DUPLO/LEGO DUPLO Bob the Builder"
129351031;"Toys & Games/Special Features/Custom Stores/LEGO DUPLO/LEGO DUPLO Buckets of Bricks"
129352031;"Toys & Games/Special Features/Custom Stores/LEGO DUPLO/LEGO DUPLO Pirates"
129353031;"Toys & Games/Special Features/Custom Stores/LEGO DUPLO/Building Plates and Accessories"
423644031;"Toys & Games/Special Features/Custom Stores/LEGO DUPLO/LEGO DUPLO Toy Story"
423645031;"Toys & Games/Special Features/Custom Stores/LEGO DUPLO/LEGO DUPLO Cars"
129345031;"Toys & Games/Special Features/Custom Stores/LEGO DUPLO"
3853321;"Toys & Games/Special Features/Custom Stores/Archive/Baby/Baby Clothes"
3853311;"Toys & Games/Special Features/Custom Stores/Archive/Baby/Baby Toys"
10176151;"Toys & Games/Special Features/Custom Stores/Archive/Baby/Bath Toys"
675897011;"Toys & Games/Special Features/Custom Stores/Archive/Baby/General AAS"
299742011;"Toys & Games/Special Features/Custom Stores/Archive/Baby/Preschool Toys"
3853331;"Toys & Games/Special Features/Custom Stores/Archive/Baby/Travelling Baby"
3618911;"Toys & Games/Special Features/Custom Stores/Archive/Baby"
3852951;"Toys & Games/Special Features/Custom Stores/Archive/Nursery Equipment/Baby Carriers"
3853081;"Toys & Games/Special Features/Custom Stores/Archive/Nursery Equipment/Baby Toys/Bath Toys & Water Play"
3853111;"Toys & Games/Special Features/Custom Stores/Archive/Nursery Equipment/Baby Toys/Cot Toys"
3853101;"Toys & Games/Special Features/Custom Stores/Archive/Nursery Equipment/Baby Toys/Prams & Pram Toys"
3852981;"Toys & Games/Special Features/Custom Stores/Archive/Nursery Equipment/Baby Toys/Travel Toys"
3852751;"Toys & Games/Special Features/Custom Stores/Archive/Nursery Equipment/Baby Toys"
675915011;"Toys & Games/Special Features/Custom Stores/Archive/Nursery Equipment/General AAS"
3852841;"Toys & Games/Special Features/Custom Stores/Archive/Nursery Equipment/Nursery/Baby Monitors"
3852811;"Toys & Games/Special Features/Custom Stores/Archive/Nursery Equipment/Nursery/Changing Facilities"
3852831;"Toys & Games/Special Features/Custom Stores/Archive/Nursery Equipment/Nursery/Mobiles"
3852881;"Toys & Games/Special Features/Custom Stores/Archive/Nursery Equipment/Nursery/Play Mats & Gyms"
3852891;"Toys & Games/Special Features/Custom Stores/Archive/Nursery Equipment/Nursery/Play Pens"
3852871;"Toys & Games/Special Features/Custom Stores/Archive/Nursery Equipment/Nursery/Walkers"
3852691;"Toys & Games/Special Features/Custom Stores/Archive/Nursery Equipment/Nursery"
1095912;"Toys & Games/Special Features/Custom Stores/Archive/Nursery Equipment"
206131031;"Toys & Games/Special Features/Custom Stores/Archive"
401432011;"Toys & Games/Special Features/Custom Stores"
897810;"Toys & Games/Special Features/Easter Deals"
368187031;"Toys & Games/Special Features/Regular Stores/Relationship Games"
514827031;"Toys & Games/Special Features/Regular Stores/Film and TV Character Toys"
1403041031;"Toys & Games/Special Features/Regular Stores/Toys & Games: Amazon Global Delivery Available"
401434011;"Toys & Games/Special Features/Regular Stores"
712832;"Toys & Games/Special Features"
