332871011;"Movies & TV/Formats/Blu-ray/General"
332870011;"Movies & TV/Formats/Blu-ray/Action & Adventure"
332872011;"Movies & TV/Formats/Blu-ray/Animation"
332873011;"Movies & TV/Formats/Blu-ray/Art House & International"
332874011;"Movies & TV/Formats/Blu-ray/Comedy"
332875011;"Movies & TV/Formats/Blu-ray/Documentary"
332876011;"Movies & TV/Formats/Blu-ray/Drama"
332877011;"Movies & TV/Formats/Blu-ray/Horror"
332878011;"Movies & TV/Formats/Blu-ray/Kids & Family"
332879011;"Movies & TV/Formats/Blu-ray/Military & War"
332880011;"Movies & TV/Formats/Blu-ray/Music Video & Concerts"
332881011;"Movies & TV/Formats/Blu-ray/Musicals & Performing Arts"
332882011;"Movies & TV/Formats/Blu-ray/Mystery & Suspense"
332883011;"Movies & TV/Formats/Blu-ray/Science Fiction & Fantasy"
332884011;"Movies & TV/Formats/Blu-ray/Sports"
332885011;"Movies & TV/Formats/Blu-ray/Television"
332886011;"Movies & TV/Formats/Blu-ray/Westerns"
403662011;"Movies & TV/Formats/Blu-ray/What is Blu-ray?"
3518580011;"Movies & TV/Formats/Blu-ray/3D Movies"
128060011;"Movies & TV/Formats/Blu-ray"
14106161;"Movies & TV/Formats/Boxed Sets/Action & Adventure"
14106241;"Movies & TV/Formats/Boxed Sets/Anime"
14106321;"Movies & TV/Formats/Boxed Sets/Art House & International"
14106351;"Movies & TV/Formats/Boxed Sets/Classics"
14106171;"Movies & TV/Formats/Boxed Sets/Comedy"
14106181;"Movies & TV/Formats/Boxed Sets/Documentary"
14106191;"Movies & TV/Formats/Boxed Sets/Drama"
14106291;"Movies & TV/Formats/Boxed Sets/Fitness & Yoga"
14106251;"Movies & TV/Formats/Boxed Sets/Horror"
14106201;"Movies & TV/Formats/Boxed Sets/Kids & Family"
14106331;"Movies & TV/Formats/Boxed Sets/Military & War"
14106311;"Movies & TV/Formats/Boxed Sets/Music Video & Concerts"
14106271;"Movies & TV/Formats/Boxed Sets/Musicals & Performing Arts"
14106261;"Movies & TV/Formats/Boxed Sets/Mystery & Suspense"
14106341;"Movies & TV/Formats/Boxed Sets/Religion & Spirituality"
336095011;"Movies & TV/Formats/Boxed Sets/Romantic Comedies"
14106211;"Movies & TV/Formats/Boxed Sets/Sci-Fi & Fantasy"
14106281;"Movies & TV/Formats/Boxed Sets/Special Interests"
14106301;"Movies & TV/Formats/Boxed Sets/Sports"
14106221;"Movies & TV/Formats/Boxed Sets/Television"
14106231;"Movies & TV/Formats/Boxed Sets/Westerns"
14106151;"Movies & TV/Formats/Boxed Sets"
332888011;"Movies & TV/Formats/HD DVD/General"
332887011;"Movies & TV/Formats/HD DVD/Action & Adventure"
332889011;"Movies & TV/Formats/HD DVD/Animation"
332890011;"Movies & TV/Formats/HD DVD/Art House & International"
332891011;"Movies & TV/Formats/HD DVD/Comedy"
332892011;"Movies & TV/Formats/HD DVD/Documentary"
332893011;"Movies & TV/Formats/HD DVD/Drama"
332894011;"Movies & TV/Formats/HD DVD/Horror"
332895011;"Movies & TV/Formats/HD DVD/Kids & Family"
332896011;"Movies & TV/Formats/HD DVD/Military & War"
332897011;"Movies & TV/Formats/HD DVD/Music Video & Concerts"
332898011;"Movies & TV/Formats/HD DVD/Musicals & Performing Arts"
332899011;"Movies & TV/Formats/HD DVD/Mystery & Suspense"
332900011;"Movies & TV/Formats/HD DVD/Science Fiction & Fantasy"
332901011;"Movies & TV/Formats/HD DVD/Special Interests"
332902011;"Movies & TV/Formats/HD DVD/Sports"
332903011;"Movies & TV/Formats/HD DVD/Television"
332904011;"Movies & TV/Formats/HD DVD/Westerns"
128059011;"Movies & TV/Formats/HD DVD"
14268411;"Movies & TV/Formats/Mini-DVD/General"
14268421;"Movies & TV/Formats/Mini-DVD/Action & Adventure"
14268431;"Movies & TV/Formats/Mini-DVD/Animation"
14268451;"Movies & TV/Formats/Mini-DVD/Comedy"
14268461;"Movies & TV/Formats/Mini-DVD/Drama"
14268471;"Movies & TV/Formats/Mini-DVD/Kids & Family"
14268481;"Movies & TV/Formats/Mini-DVD/Mystery & Suspense"
14268491;"Movies & TV/Formats/Mini-DVD/Science Fiction & Fantasy"
14268511;"Movies & TV/Formats/Mini-DVD/Sports"
14268521;"Movies & TV/Formats/Mini-DVD/Television"
14106361;"Movies & TV/Formats/Mini-DVD"
14268531;"Movies & TV/Formats/Universal Media Discs/General"
14268541;"Movies & TV/Formats/Universal Media Discs/Action & Adventure"
16336081;"Movies & TV/Formats/Universal Media Discs/Anime"
14268551;"Movies & TV/Formats/Universal Media Discs/Comedy"
14268561;"Movies & TV/Formats/Universal Media Discs/Drama"
14268571;"Movies & TV/Formats/Universal Media Discs/Horror"
14268581;"Movies & TV/Formats/Universal Media Discs/Kids & Family"
14268611;"Movies & TV/Formats/Universal Media Discs/Science Fiction & Fantasy"
14268631;"Movies & TV/Formats/Universal Media Discs/Sports"
14106371;"Movies & TV/Formats/Universal Media Discs"
14113311;"Movies & TV/Formats"
