344782031;"Musik/Kategorien/Alternative/Alternative Metal"
464336;"Musik/Kategorien/Alternative/Alternative Rock"
10664621;"Musik/Kategorien/Alternative/Dark Wave"
464354;"Musik/Kategorien/Alternative/Emo"
344783031;"Musik/Kategorien/Alternative/Garage Rock"
10664631;"Musik/Kategorien/Alternative/Gothic Rock"
464374;"Musik/Kategorien/Alternative/Grunge"
464368;"Musik/Kategorien/Metal & Hardrock/Industrial"
464370;"Musik/Kategorien/Alternative/Lo-Fi"
264881;"Musik/Kategorien/Pop/New Wave"
465596;"Musik/Kategorien/Alternative/Post-Rock"
464346;"Musik/Kategorien/Alternative/Punk"
400118;"Musik/Kategorien/Alternative"
255929;"Musik/Kategorien/Blues/Blues-Sängerinnen"
777250;"Musik/Kategorien/Blues/Chicago Blues"
777260;"Musik/Kategorien/Blues/Delta Blues"
777248;"Musik/Kategorien/Blues/Jump Blues"
777252;"Musik/Kategorien/Blues/Louisiana Blues"
777254;"Musik/Kategorien/Blues/Memphis Blues"
777256;"Musik/Kategorien/Blues/Modern"
777258;"Musik/Kategorien/Blues/Texas Blues"
255923;"Musik/Kategorien/Blues"
3104041;"Musik/Kategorien/Comedy & Gesprochenes Wort/Comedy & Kabarett"
3104051;"Musik/Kategorien/Comedy & Gesprochenes Wort/Hörspiele für Erwachsene"
255953;"Musik/Kategorien/Comedy & Gesprochenes Wort"
301546;"Musik/Kategorien/Country/Alternative Country & Americana"
255922;"Musik/Kategorien/Country/Bluegrass"
301549;"Musik/Kategorien/Country/Honky Tonk"
301552;"Musik/Kategorien/Country/Nashville Sound"
301547;"Musik/Kategorien/Country/New Country"
301550;"Musik/Kategorien/Country/Outlaw"
578364;"Musik/Kategorien/Country/Tex Mex"
344784031;"Musik/Kategorien/Country/Traditional Country"
301551;"Musik/Kategorien/Country/Western Swing"
264913;"Musik/Kategorien/Country"
255886;"Musik/Kategorien/Dance & Electronic/Ambient"
255888;"Musik/Kategorien/Dance & Electronic/Drum & Bass"
255889;"Musik/Kategorien/Dance & Electronic/Electro"
255890;"Musik/Kategorien/Dance & Electronic/House"
255891;"Musik/Kategorien/Dance & Electronic/Techno"
255892;"Musik/Kategorien/Dance & Electronic/Trance"
265980;"Musik/Kategorien/Dance & Electronic/Trip Hop"
255883;"Musik/Kategorien/Dance & Electronic"
578382;"Musik/Kategorien/Folk & Songwriter/Amerikanischer Folk"
255933;"Musik/Kategorien/Folk & Songwriter/English Folk"
265503;"Musik/Kategorien/Folk & Songwriter/Irish & Celtic Folk"
255935;"Musik/Kategorien/Folk & Songwriter/Moderner Folk"
578366;"Musik/Kategorien/Folk & Songwriter/Singer-Songwriter"
578386;"Musik/Kategorien/Folk & Songwriter/Traditional Folk"
573044;"Musik/Kategorien/Folk & Songwriter"
255949;"Musik/Kategorien/Jazz/Avantgarde & Free Jazz"
255921;"Musik/Kategorien/Jazz/Bebop"
255942;"Musik/Kategorien/Jazz/Big Band & Swing"
255941;"Musik/Kategorien/Jazz/Cool"
255884;"Musik/Kategorien/Jazz/Dancefloor Jazz"
255943;"Musik/Kategorien/Jazz/Fusion & Jazz Funk"
255944;"Musik/Kategorien/Jazz/Latin Jazz"
777278;"Musik/Kategorien/Jazz/Modern Postbebop"
777280;"Musik/Kategorien/Jazz/Smooth Jazz"
777282;"Musik/Kategorien/Jazz/Soul-Jazz & Boogaloo"
777292;"Musik/Kategorien/Jazz/Traditional Jazz"
777284;"Musik/Kategorien/Jazz/Vocal Jazz"
255917;"Musik/Kategorien/Jazz"
736050;"Musik/Kategorien/Kindermusik & Hörspiele/Geschichten"
736008;"Musik/Kategorien/Kindermusik & Hörspiele/Hörspiele"
255959;"Musik/Kategorien/Kindermusik & Hörspiele/Kindermusik"
735966;"Musik/Kategorien/Klassik/Klassik für Kinder"
255960;"Musik/Kategorien/Kindermusik & Hörspiele/Märchen"
738590;"Musik/Kategorien/Kindermusik & Hörspiele/Nach Alter/0-4 Jahre"
738592;"Musik/Kategorien/Kindermusik & Hörspiele/Nach Alter/4-8 Jahre"
738594;"Musik/Kategorien/Kindermusik & Hörspiele/Nach Alter/8-10 Jahre"
738596;"Musik/Kategorien/Kindermusik & Hörspiele/Nach Alter/10-12 Jahre"
738598;"Musik/Kategorien/Kindermusik & Hörspiele/Nach Alter/12-14 Jahre"
738588;"Musik/Kategorien/Kindermusik & Hörspiele/Nach Alter"
736044;"Musik/Kategorien/Kindermusik & Hörspiele/Sachgeschichten"
255956;"Musik/Kategorien/Kindermusik & Hörspiele"
550672;"Musik/Kategorien/Klassik/Symphonik/Ballett & Walzer"
673192011;"Musik/Kategorien/Klassik/Symphonik/General AAS"
779310;"Musik/Kategorien/Klassik/Symphonik/Orchestersuiten"
550644;"Musik/Kategorien/Klassik/Symphonik/Ouvertüren & Vorspiele"
550584;"Musik/Kategorien/Klassik/Symphonik/Symphonien"
550660;"Musik/Kategorien/Klassik/Symphonik/Symphonische Dichtungen"
550144;"Musik/Kategorien/Klassik/Symphonik"
550536;"Musik/Kategorien/Klassik/Konzerte/Bläserkonzerte"
550512;"Musik/Kategorien/Klassik/Konzerte/Cellokonzerte"
550566;"Musik/Kategorien/Klassik/Konzerte/Concerti grossi"
550564;"Musik/Kategorien/Klassik/Konzerte/Doppel- & Trippelkonzerte"
673191011;"Musik/Kategorien/Klassik/Konzerte/General AAS"
550406;"Musik/Kategorien/Klassik/Konzerte/Klavierkonzerte"
550578;"Musik/Kategorien/Klassik/Konzerte/Konzerte für Zupfinstrumente"
550558;"Musik/Kategorien/Klassik/Konzerte/Orgelkonzerte"
550562;"Musik/Kategorien/Klassik/Konzerte/Sinfoniae Concertanti"
550450;"Musik/Kategorien/Klassik/Konzerte/Violin- & Violakonzerte"
550146;"Musik/Kategorien/Klassik/Konzerte"
550148;"Musik/Kategorien/Klassik/Klaviermusik"
550286;"Musik/Kategorien/Klassik/Kammermusik/Bläser solo"
1038882;"Musik/Kategorien/Klassik/Kammermusik/Bläserkammermusik"
551344;"Musik/Kategorien/Klassik/Kammermusik/Divertimenti & Serenaden"
673190011;"Musik/Kategorien/Klassik/Kammermusik/General AAS"
550232;"Musik/Kategorien/Klassik/Kammermusik/Gitarre & Laute"
550382;"Musik/Kategorien/Klassik/Kammermusik/Klavierquartette & - quintette"
550346;"Musik/Kategorien/Klassik/Kammermusik/Klaviertrio"
550292;"Musik/Kategorien/Klassik/Kammermusik/Streichduo & -trio"
550238;"Musik/Kategorien/Klassik/Kammermusik/Streicher solo"
550294;"Musik/Kategorien/Klassik/Kammermusik/Streichquartett"
550332;"Musik/Kategorien/Klassik/Kammermusik/Streichquintett & mehr"
550290;"Musik/Kategorien/Klassik/Kammermusik/Triosonate"
550154;"Musik/Kategorien/Klassik/Kammermusik"
550680;"Musik/Kategorien/Klassik/Oper"
550682;"Musik/Kategorien/Klassik/Operette"
550684;"Musik/Kategorien/Klassik/Lied & Arie"
551016;"Musik/Kategorien/Klassik/Chormusik/Chor- & Volkslied"
673189011;"Musik/Kategorien/Klassik/Chormusik/General AAS"
551126;"Musik/Kategorien/Klassik/Chormusik/Gregorianischer Choral"
550926;"Musik/Kategorien/Klassik/Chormusik/Kantaten"
550986;"Musik/Kategorien/Klassik/Chormusik/Madrigale"
551094;"Musik/Kategorien/Klassik/Chormusik/Messen"
551064;"Musik/Kategorien/Klassik/Chormusik/Motetten"
550894;"Musik/Kategorien/Klassik/Chormusik/Oratorien"
551174;"Musik/Kategorien/Klassik/Chormusik/Orthodoxe Kirchenmusik"
551130;"Musik/Kategorien/Klassik/Chormusik/Passionen"
551152;"Musik/Kategorien/Klassik/Chormusik/Requien"
777434;"Musik/Kategorien/Klassik/Chormusik/Synagogenmusik"
550686;"Musik/Kategorien/Klassik/Chormusik"
551178;"Musik/Kategorien/Klassik/Orgelmusik"
735966;"Musik/Kategorien/Klassik/Klassik für Kinder"
286818;"Musik/Kategorien/Klassik/Sammelprogramme"
255966;"Musik/Kategorien/Klassik"
518410;"Musik/Kategorien/Klassik-Crossover"
264901;"Musik/Kategorien/Metal & Hardrock/Death & Black Metal"
575844;"Musik/Kategorien/Metal & Hardrock/Doom Metal"
575846;"Musik/Kategorien/Metal & Hardrock/Gothic Metal"
464348;"Musik/Kategorien/Metal & Hardrock/Hardcore"
264895;"Musik/Kategorien/Metal & Hardrock/Hardrock"
344786031;"Musik/Kategorien/Metal & Hardrock/Heavy Metal"
464368;"Musik/Kategorien/Metal & Hardrock/Industrial"
575836;"Musik/Kategorien/Metal & Hardrock/Power & True Metal"
575842;"Musik/Kategorien/Metal & Hardrock/Progressive Metal & Rock"
575838;"Musik/Kategorien/Metal & Hardrock/Speed- & Thrash-Metal"
344787031;"Musik/Kategorien/Metal & Hardrock/Stoner Rock"
264898;"Musik/Kategorien/Metal & Hardrock"
264878;"Musik/Kategorien/Pop/Dance-Pop"
344788031;"Musik/Kategorien/Pop/Disco"
3686271;"Musik/Kategorien/Pop/Elektro-Pop"
344789031;"Musik/Kategorien/Pop/Folk-Pop"
264881;"Musik/Kategorien/Pop/New Wave"
344790031;"Musik/Kategorien/Pop/Pop-R&B"
464358;"Musik/Kategorien/Pop/Pop-Reggae"
264879;"Musik/Kategorien/Pop/Pop-Rock"
264885;"Musik/Kategorien/Pop/Traditional & Vocal"
264875;"Musik/Kategorien/Pop"
255897;"Musik/Kategorien/R&B & Soul/Doo-Wop"
255898;"Musik/Kategorien/R&B & Soul/Funk"
255899;"Musik/Kategorien/R&B & Soul/Klassischer R&B"
255900;"Musik/Kategorien/R&B & Soul/Modern R&B"
255901;"Musik/Kategorien/R&B & Soul/Motown"
255916;"Musik/Kategorien/R&B & Soul/Soul"
255895;"Musik/Kategorien/R&B & Soul"
255904;"Musik/Kategorien/Rap & HipHop/Alternative Rap"
255906;"Musik/Kategorien/Rap & HipHop/East Coast"
255908;"Musik/Kategorien/Rap & HipHop/Gangsta Rap"
255912;"Musik/Kategorien/Rap & HipHop/Old School"
255914;"Musik/Kategorien/Rap & HipHop/Southern"
255915;"Musik/Kategorien/Rap & HipHop/West Coast"
255902;"Musik/Kategorien/Rap & HipHop"
1047120;"Musik/Kategorien/Reggae/Dancehall & Ragga"
1047122;"Musik/Kategorien/Reggae/Dub"
1047118;"Musik/Kategorien/Reggae/Roots-Reggae"
1047128;"Musik/Kategorien/Reggae/Ska"
464356;"Musik/Kategorien/Reggae"
264890;"Musik/Kategorien/Rock/Bluesrock"
264877;"Musik/Kategorien/Rock/Brit-Rock & Brit-Pop"
264891;"Musik/Kategorien/Rock/Classic Rock"
578362;"Musik/Kategorien/Rock/Country-Rock"
255938;"Musik/Kategorien/Rock/Folk-Rock"
344791031;"Musik/Kategorien/Rock/Glam"
264903;"Musik/Kategorien/Rock/Psychedelic Rock"
16060541;"Musik/Kategorien/Rock/Rock 'n' Roll"
596860;"Musik/Kategorien/Rock/Rockabilly"
264886;"Musik/Kategorien/Rock"
759710;"Musik/Kategorien/Schlager & Volksmusik/Schlager"
697262;"Musik/Kategorien/Schlager & Volksmusik/Volksmusik"
264917;"Musik/Kategorien/Schlager & Volksmusik/Volkstümliche Musik"
264910;"Musik/Kategorien/Schlager & Volksmusik"
264921;"Musik/Kategorien/Soundtracks & Musicals/Filmmusik"
264919;"Musik/Kategorien/Soundtracks & Musicals/Musicals"
344792031;"Musik/Kategorien/Soundtracks & Musicals/TV-Soundtracks"
344793031;"Musik/Kategorien/Soundtracks & Musicals/Videogame Soundtracks"
264918;"Musik/Kategorien/Soundtracks & Musicals"
265502;"Musik/Kategorien/Weltmusik"
264912;"Musik/Kategorien/Diverses/Chanson"
255897;"Musik/Kategorien/R&B & Soul/Doo-Wop"
344785031;"Musik/Kategorien/Diverses/Easy Listening/Exotica & Lounge"
656064;"Musik/Kategorien/Diverses/Easy Listening/Instrumental"
777280;"Musik/Kategorien/Jazz/Smooth Jazz"
264914;"Musik/Kategorien/Diverses/Easy Listening"
690832;"Musik/Kategorien/Diverses/Gospel & Spiritual"
735868;"Musik/Kategorien/Diverses/Klangeffekte & Naturgeräusche"
3104601;"Musik/Kategorien/Diverses/Liedermacher"
735864;"Musik/Kategorien/Diverses/Marschmusik & Nationalhymnen"
735932;"Musik/Kategorien/Diverses/New Age"
605022;"Musik/Kategorien/Diverses/Religiöse Popmusik & Weihnachten/Christlicher Pop & Rock"
656066;"Musik/Kategorien/Diverses/Religiöse Popmusik & Weihnachten/Weihnachtsmusik"
735894;"Musik/Kategorien/Diverses/Religiöse Popmusik & Weihnachten"
735882;"Musik/Kategorien/Diverses/Special Interest"
735912;"Musik/Kategorien/Diverses/Tanzmusik"
255952;"Musik/Kategorien/Diverses"
1039652;"Filme & TV/Genres/Musik/Alternative"
508190;"Filme & TV/Genres/Musik/Blues"
1039654;"Filme & TV/Genres/Musik/Country & Folk"
1039660;"Filme & TV/Genres/Musik/DVD-Singles"
295582011;"Filme & TV/Genres/Musik/Dance"
508192;"Filme & TV/Genres/Musik/Electronic & Dance"
508194;"Filme & TV/Genres/Musik/Hardrock"
1039648;"Filme & TV/Genres/Musik/Heavy Metal"
1039650;"Filme & TV/Genres/Musik/Jazz"
1093244;"Filme & TV/Genres/Musik/Karaoke"
508168;"Filme & TV/Genres/Musik/Klassik & Oper/Ballett"
1039662;"Filme & TV/Genres/Musik/Klassik & Oper/Chormusik"
1039670;"Filme & TV/Genres/Musik/Klassik & Oper/Kammermusik"
1039676;"Filme & TV/Genres/Musik/Klassik & Oper/Komponisten/Johann S. Bach"
1039684;"Filme & TV/Genres/Musik/Klassik & Oper/Komponisten/Ludwig van Beethoven"
1039698;"Filme & TV/Genres/Musik/Klassik & Oper/Komponisten/Anton Bruckner"
1039678;"Filme & TV/Genres/Musik/Klassik & Oper/Komponisten/Georg F. Händel"
1039682;"Filme & TV/Genres/Musik/Klassik & Oper/Komponisten/Wolfgang Amadeus Mozart"
1039686;"Filme & TV/Genres/Musik/Klassik & Oper/Komponisten/Jacques Offenbach"
1039704;"Filme & TV/Genres/Musik/Klassik & Oper/Komponisten/Sergej Prokofjew"
1039690;"Filme & TV/Genres/Musik/Klassik & Oper/Komponisten/Giacomo Puccini"
1039688;"Filme & TV/Genres/Musik/Klassik & Oper/Komponisten/Franz Schubert"
1039692;"Filme & TV/Genres/Musik/Klassik & Oper/Komponisten/Richard Strauss"
1039694;"Filme & TV/Genres/Musik/Klassik & Oper/Komponisten/Johann Strauß"
1039702;"Filme & TV/Genres/Musik/Klassik & Oper/Komponisten/Igor Strawinsky"
1039696;"Filme & TV/Genres/Musik/Klassik & Oper/Komponisten/Peter Tschaikowsky"
1039700;"Filme & TV/Genres/Musik/Klassik & Oper/Komponisten/Giuseppe Verdi"
1039680;"Filme & TV/Genres/Musik/Klassik & Oper/Komponisten/Antonio Vivaldi"
1039706;"Filme & TV/Genres/Musik/Klassik & Oper/Komponisten/Richard Wagner"
1039674;"Filme & TV/Genres/Musik/Klassik & Oper/Komponisten"
1039666;"Filme & TV/Genres/Musik/Klassik & Oper/Konzert/Klavierkonzerte"
1039664;"Filme & TV/Genres/Musik/Klassik & Oper/Konzert/Symphonik"
1039668;"Filme & TV/Genres/Musik/Klassik & Oper/Konzert/Violinkonzerte"
295581011;"Filme & TV/Genres/Musik/Klassik & Oper/Konzert"
508174;"Filme & TV/Genres/Musik/Klassik & Oper/Oper"
508176;"Filme & TV/Genres/Musik/Klassik & Oper/Operette"
1039672;"Filme & TV/Genres/Musik/Klassik & Oper/Sängerinnen & Sänger"
289314;"Filme & TV/Genres/Musik/Klassik & Oper"
508198;"Filme & TV/Genres/Musik/Pop"
295583011;"Filme & TV/Genres/Musik/R&B"
1039656;"Filme & TV/Genres/Musik/Reggae"
508200;"Filme & TV/Genres/Musik/Rock"
508202;"Filme & TV/Genres/Musik/Sampler"
508204;"Filme & TV/Genres/Musik/Schlager"
1039658;"Filme & TV/Genres/Musik/Soul"
508208;"Filme & TV/Genres/Musik/Volksmusik"
1093242;"Filme & TV/Genres/Musik/World Music"
540477031;"Musik/Kategorien/Musik-DVDs"
542676;"Musik/Kategorien"
