1198528;"Zeitschriften/Shops/Custom Stores/A bis Z/A"
1198530;"Zeitschriften/Shops/Custom Stores/A bis Z/B"
1198532;"Zeitschriften/Shops/Custom Stores/A bis Z/C"
1198534;"Zeitschriften/Shops/Custom Stores/A bis Z/D"
1198536;"Zeitschriften/Shops/Custom Stores/A bis Z/E"
1198538;"Zeitschriften/Shops/Custom Stores/A bis Z/F"
1198540;"Zeitschriften/Shops/Custom Stores/A bis Z/G"
1198542;"Zeitschriften/Shops/Custom Stores/A bis Z/H"
1198544;"Zeitschriften/Shops/Custom Stores/A bis Z/I"
1198546;"Zeitschriften/Shops/Custom Stores/A bis Z/J"
1198548;"Zeitschriften/Shops/Custom Stores/A bis Z/K"
1198550;"Zeitschriften/Shops/Custom Stores/A bis Z/L"
1198552;"Zeitschriften/Shops/Custom Stores/A bis Z/M"
1198554;"Zeitschriften/Shops/Custom Stores/A bis Z/N"
1198556;"Zeitschriften/Shops/Custom Stores/A bis Z/O"
1198558;"Zeitschriften/Shops/Custom Stores/A bis Z/P"
1198560;"Zeitschriften/Shops/Custom Stores/A bis Z/Q"
1198562;"Zeitschriften/Shops/Custom Stores/A bis Z/R"
1198564;"Zeitschriften/Shops/Custom Stores/A bis Z/S"
1198566;"Zeitschriften/Shops/Custom Stores/A bis Z/T"
1198568;"Zeitschriften/Shops/Custom Stores/A bis Z/U"
1198570;"Zeitschriften/Shops/Custom Stores/A bis Z/V"
1198572;"Zeitschriften/Shops/Custom Stores/A bis Z/W"
1198574;"Zeitschriften/Shops/Custom Stores/A bis Z/Y"
1198576;"Zeitschriften/Shops/Custom Stores/A bis Z/Z"
1198526;"Zeitschriften/Shops/Custom Stores/A bis Z"
