16278471;"Heimwerken DEPRECATED/Kategorien/Autozubehör"
369505011;"Heimwerken DEPRECATED/Kategorien/Basteln & Malen"
347794011;"Heimwerken DEPRECATED/Kategorien/Druckluftwerkzeuge"
347767011;"Heimwerken DEPRECATED/Kategorien/Eisenwaren/Bolzen"
11718361;"Heimwerken DEPRECATED/Kategorien/Eisenwaren/Drähte & Seile"
11718421;"Heimwerken DEPRECATED/Kategorien/Eisenwaren/Dübel"
369501011;"Heimwerken DEPRECATED/Kategorien/Eisenwaren/Entlüftungsgitter"
11718411;"Heimwerken DEPRECATED/Kategorien/Eisenwaren/Haken"
12971741;"Heimwerken DEPRECATED/Kategorien/Eisenwaren/Kauschen"
11718431;"Heimwerken DEPRECATED/Kategorien/Eisenwaren/Muttern"
10961071;"Heimwerken DEPRECATED/Kategorien/Eisenwaren/Nieten"
10961061;"Heimwerken DEPRECATED/Kategorien/Eisenwaren/Nägel"
13812641;"Heimwerken DEPRECATED/Kategorien/Eisenwaren/Ofenrohre"
369498011;"Heimwerken DEPRECATED/Kategorien/Eisenwaren/Schrauben/Abstandschrauben"
369494011;"Heimwerken DEPRECATED/Kategorien/Eisenwaren/Schrauben/Bohrschrauben"
369500011;"Heimwerken DEPRECATED/Kategorien/Eisenwaren/Schrauben/Faserplattenschrauben"
369495011;"Heimwerken DEPRECATED/Kategorien/Eisenwaren/Schrauben/Fensterrahmenschrauben"
369496011;"Heimwerken DEPRECATED/Kategorien/Eisenwaren/Schrauben/Flügelschrauben"
11718451;"Heimwerken DEPRECATED/Kategorien/Eisenwaren/Schrauben/Gewindeschrauben"
347771011;"Heimwerken DEPRECATED/Kategorien/Eisenwaren/Schrauben/Kreuzschlitzschrauben"
347773011;"Heimwerken DEPRECATED/Kategorien/Eisenwaren/Schrauben/Kreuzschrauben"
11718441;"Heimwerken DEPRECATED/Kategorien/Eisenwaren/Schrauben/Maschinenschrauben"
347772011;"Heimwerken DEPRECATED/Kategorien/Eisenwaren/Schrauben/Schlitzschrauben"
11718381;"Heimwerken DEPRECATED/Kategorien/Eisenwaren/Schrauben/Schlossschrauben"
11718391;"Heimwerken DEPRECATED/Kategorien/Eisenwaren/Schrauben/Schlüsselschrauben"
369493011;"Heimwerken DEPRECATED/Kategorien/Eisenwaren/Schrauben/Schnellbauschrauben"
369499011;"Heimwerken DEPRECATED/Kategorien/Eisenwaren/Schrauben/Spanplattenschrauben"
11718401;"Heimwerken DEPRECATED/Kategorien/Eisenwaren/Schrauben/Spaxschrauben"
369497011;"Heimwerken DEPRECATED/Kategorien/Eisenwaren/Schrauben/Spenglerschrauben"
347770011;"Heimwerken DEPRECATED/Kategorien/Eisenwaren/Schrauben"
11718351;"Heimwerken DEPRECATED/Kategorien/Eisenwaren/Stahlwolle"
11718341;"Heimwerken DEPRECATED/Kategorien/Eisenwaren/Unterlegscheiben"
11718331;"Heimwerken DEPRECATED/Kategorien/Eisenwaren/Vorhängeschlösser"
16278551;"Heimwerken DEPRECATED/Kategorien/Eisenwaren/Winkelträger"
11718371;"Heimwerken DEPRECATED/Kategorien/Eisenwaren/Ösen"
10961041;"Heimwerken DEPRECATED/Kategorien/Eisenwaren"
10961101;"Heimwerken DEPRECATED/Kategorien/Elektrowerkzeug/Bohrmaschinen & Schrauber/Akku-Bohrhämmer"
10961111;"Heimwerken DEPRECATED/Kategorien/Elektrowerkzeug/Bohrmaschinen & Schrauber/Akku-Bohrmaschinen"
10961121;"Heimwerken DEPRECATED/Kategorien/Elektrowerkzeug/Bohrmaschinen & Schrauber/Akku-Bohrschrauber"
10961131;"Heimwerken DEPRECATED/Kategorien/Elektrowerkzeug/Bohrmaschinen & Schrauber/Akku-Schrauber"
10961141;"Heimwerken DEPRECATED/Kategorien/Elektrowerkzeug/Bohrmaschinen & Schrauber/Bohrhämmer"
10961151;"Heimwerken DEPRECATED/Kategorien/Elektrowerkzeug/Bohrmaschinen & Schrauber/Bohrmaschinen"
347784011;"Heimwerken DEPRECATED/Kategorien/Elektrowerkzeug/Bohrmaschinen & Schrauber/Bohrsets"
11718011;"Heimwerken DEPRECATED/Kategorien/Elektrowerkzeug/Bohrmaschinen & Schrauber/Bohrständer"
10961161;"Heimwerken DEPRECATED/Kategorien/Elektrowerkzeug/Bohrmaschinen & Schrauber/Schlagbohrmaschinen"
10961171;"Heimwerken DEPRECATED/Kategorien/Elektrowerkzeug/Bohrmaschinen & Schrauber/Schrauber"
10961091;"Heimwerken DEPRECATED/Kategorien/Elektrowerkzeug/Bohrmaschinen & Schrauber"
10961181;"Heimwerken DEPRECATED/Kategorien/Elektrowerkzeug/Elektrische Blechscheren"
10961191;"Heimwerken DEPRECATED/Kategorien/Elektrowerkzeug/Elektrische Hobel"
10961211;"Heimwerken DEPRECATED/Kategorien/Elektrowerkzeug/Elektrische Sägen/Fuchsschwänze"
10961221;"Heimwerken DEPRECATED/Kategorien/Elektrowerkzeug/Elektrische Sägen/Handkreissägen"
10961231;"Heimwerken DEPRECATED/Kategorien/Elektrowerkzeug/Elektrische Sägen/Kapp- & Gehrungssägen"
10961251;"Heimwerken DEPRECATED/Kategorien/Elektrowerkzeug/Elektrische Sägen/Kreissägen"
10961271;"Heimwerken DEPRECATED/Kategorien/Elektrowerkzeug/Elektrische Sägen/Stichsägen"
10961261;"Heimwerken DEPRECATED/Kategorien/Elektrowerkzeug/Elektrische Sägen/Säbelsägen"
10961281;"Heimwerken DEPRECATED/Kategorien/Elektrowerkzeug/Elektrische Sägen/Weitere elektrische Sägen"
10961201;"Heimwerken DEPRECATED/Kategorien/Elektrowerkzeug/Elektrische Sägen"
10961291;"Heimwerken DEPRECATED/Kategorien/Elektrowerkzeug/Elektrische Tacker"
10961311;"Heimwerken DEPRECATED/Kategorien/Elektrowerkzeug/Fräsen/Dübelfräsen"
10961321;"Heimwerken DEPRECATED/Kategorien/Elektrowerkzeug/Fräsen/Mauernutfräsen"
10961331;"Heimwerken DEPRECATED/Kategorien/Elektrowerkzeug/Fräsen/Oberfräsen"
10961341;"Heimwerken DEPRECATED/Kategorien/Elektrowerkzeug/Fräsen/Weitere Fräsen"
10961301;"Heimwerken DEPRECATED/Kategorien/Elektrowerkzeug/Fräsen"
10961351;"Heimwerken DEPRECATED/Kategorien/Elektrowerkzeug/Heißluftgeräte"
10961361;"Heimwerken DEPRECATED/Kategorien/Elektrowerkzeug/Klebepistolen"
13778961;"Heimwerken DEPRECATED/Kategorien/Elektrowerkzeug/Kompressoren & Zubehör"
10961381;"Heimwerken DEPRECATED/Kategorien/Elektrowerkzeug/Lötkolben & Zubehör/Lötkolben & -pistolen"
10961391;"Heimwerken DEPRECATED/Kategorien/Elektrowerkzeug/Lötkolben & Zubehör/Lötzubehör"
10961371;"Heimwerken DEPRECATED/Kategorien/Elektrowerkzeug/Lötkolben & Zubehör"
11718021;"Heimwerken DEPRECATED/Kategorien/Elektrowerkzeug/Rührwerke"
10961411;"Heimwerken DEPRECATED/Kategorien/Elektrowerkzeug/Schleifmaschinen/Bandschleifer"
10961421;"Heimwerken DEPRECATED/Kategorien/Elektrowerkzeug/Schleifmaschinen/Deltaschleifer"
10961431;"Heimwerken DEPRECATED/Kategorien/Elektrowerkzeug/Schleifmaschinen/Exzenterschleifer"
10961441;"Heimwerken DEPRECATED/Kategorien/Elektrowerkzeug/Schleifmaschinen/Geradschleifer"
10961451;"Heimwerken DEPRECATED/Kategorien/Elektrowerkzeug/Schleifmaschinen/Schwingschleifer"
10961461;"Heimwerken DEPRECATED/Kategorien/Elektrowerkzeug/Schleifmaschinen/Weitere Schleifmaschinen"
10961471;"Heimwerken DEPRECATED/Kategorien/Elektrowerkzeug/Schleifmaschinen/Winkelschleifer"
10961401;"Heimwerken DEPRECATED/Kategorien/Elektrowerkzeug/Schleifmaschinen"
347782011;"Heimwerken DEPRECATED/Kategorien/Elektrowerkzeug/Stab- und Winkelschrauber"
347783011;"Heimwerken DEPRECATED/Kategorien/Elektrowerkzeug/Stemmen und Meißeln"
10961481;"Heimwerken DEPRECATED/Kategorien/Elektrowerkzeug/Weitere Elektrowerkzeuge"
10961501;"Heimwerken DEPRECATED/Kategorien/Elektrowerkzeug/Zubehör für Elektrowerkzeug/Akkus & Ladegeräte"
10961511;"Heimwerken DEPRECATED/Kategorien/Elektrowerkzeug/Zubehör für Elektrowerkzeug/Bits"
369489011;"Heimwerken DEPRECATED/Kategorien/Elektrowerkzeug/Zubehör für Elektrowerkzeug/Bohrer/Bohrkronen"
10961591;"Heimwerken DEPRECATED/Kategorien/Elektrowerkzeug/Zubehör für Elektrowerkzeug/Bohrer/Forstnerbohrer"
347785011;"Heimwerken DEPRECATED/Kategorien/Elektrowerkzeug/Zubehör für Elektrowerkzeug/Bohrer/Hammerbohrer"
10961571;"Heimwerken DEPRECATED/Kategorien/Elektrowerkzeug/Zubehör für Elektrowerkzeug/Bohrer/Holzbohrer"
12971631;"Heimwerken DEPRECATED/Kategorien/Elektrowerkzeug/Zubehör für Elektrowerkzeug/Bohrer/Kunstbohrer"
10961551;"Heimwerken DEPRECATED/Kategorien/Elektrowerkzeug/Zubehör für Elektrowerkzeug/Bohrer/Mehrzweckbohrer"
10961531;"Heimwerken DEPRECATED/Kategorien/Elektrowerkzeug/Zubehör für Elektrowerkzeug/Bohrer/Metallbohrer"
10961581;"Heimwerken DEPRECATED/Kategorien/Elektrowerkzeug/Zubehör für Elektrowerkzeug/Bohrer/Schalungsbohrer"
10961561;"Heimwerken DEPRECATED/Kategorien/Elektrowerkzeug/Zubehör für Elektrowerkzeug/Bohrer/Schlangenbohrer"
347786011;"Heimwerken DEPRECATED/Kategorien/Elektrowerkzeug/Zubehör für Elektrowerkzeug/Bohrer/Schälbohrer"
10961541;"Heimwerken DEPRECATED/Kategorien/Elektrowerkzeug/Zubehör für Elektrowerkzeug/Bohrer/Stein- & Betonbohrer"
16258681;"Heimwerken DEPRECATED/Kategorien/Elektrowerkzeug/Zubehör für Elektrowerkzeug/Bohrer/Überblick"
10961521;"Heimwerken DEPRECATED/Kategorien/Elektrowerkzeug/Zubehör für Elektrowerkzeug/Bohrer"
12758331;"Heimwerken DEPRECATED/Kategorien/Elektrowerkzeug/Zubehör für Elektrowerkzeug/Bohrfutter"
12971611;"Heimwerken DEPRECATED/Kategorien/Elektrowerkzeug/Zubehör für Elektrowerkzeug/Bürsten"
10961601;"Heimwerken DEPRECATED/Kategorien/Elektrowerkzeug/Zubehör für Elektrowerkzeug/Diamantscheiben"
11718031;"Heimwerken DEPRECATED/Kategorien/Elektrowerkzeug/Zubehör für Elektrowerkzeug/Fräser"
13408541;"Heimwerken DEPRECATED/Kategorien/Elektrowerkzeug/Zubehör für Elektrowerkzeug/Heißklebestäbe"
12759161;"Heimwerken DEPRECATED/Kategorien/Elektrowerkzeug/Zubehör für Elektrowerkzeug/Lochsägen & -bohrer"
12971621;"Heimwerken DEPRECATED/Kategorien/Elektrowerkzeug/Zubehör für Elektrowerkzeug/Mischer"
11718051;"Heimwerken DEPRECATED/Kategorien/Elektrowerkzeug/Zubehör für Elektrowerkzeug/Rührer"
10961611;"Heimwerken DEPRECATED/Kategorien/Elektrowerkzeug/Zubehör für Elektrowerkzeug/Scheibenbürsten"
369491011;"Heimwerken DEPRECATED/Kategorien/Elektrowerkzeug/Zubehör für Elektrowerkzeug/Schleifbänder"
12759151;"Heimwerken DEPRECATED/Kategorien/Elektrowerkzeug/Zubehör für Elektrowerkzeug/Schleifscheiben"
11718041;"Heimwerken DEPRECATED/Kategorien/Elektrowerkzeug/Zubehör für Elektrowerkzeug/Schleifscheiben (selbsthaftend)"
10961621;"Heimwerken DEPRECATED/Kategorien/Elektrowerkzeug/Zubehör für Elektrowerkzeug/Schruppscheiben"
10961631;"Heimwerken DEPRECATED/Kategorien/Elektrowerkzeug/Zubehör für Elektrowerkzeug/Senker"
369492011;"Heimwerken DEPRECATED/Kategorien/Elektrowerkzeug/Zubehör für Elektrowerkzeug/Stützteller"
11718061;"Heimwerken DEPRECATED/Kategorien/Elektrowerkzeug/Zubehör für Elektrowerkzeug/Sägeblätter"
10961641;"Heimwerken DEPRECATED/Kategorien/Elektrowerkzeug/Zubehör für Elektrowerkzeug/Topfbürsten"
10961651;"Heimwerken DEPRECATED/Kategorien/Elektrowerkzeug/Zubehör für Elektrowerkzeug/Trennscheiben"
16278451;"Heimwerken DEPRECATED/Kategorien/Elektrowerkzeug/Zubehör für Elektrowerkzeug/Verlängerungskabel"
12758321;"Heimwerken DEPRECATED/Kategorien/Elektrowerkzeug/Zubehör für Elektrowerkzeug/Zubehör für Kettensägen"
10961491;"Heimwerken DEPRECATED/Kategorien/Elektrowerkzeug/Zubehör für Elektrowerkzeug"
10961081;"Heimwerken DEPRECATED/Kategorien/Elektrowerkzeug"
403465011;"Heimwerken DEPRECATED/Kategorien/Fische"
11047781;"Heimwerken DEPRECATED/Kategorien/Gartengeräte/Bewässerung & Schlauchsysteme/Bewässerer, Regner & Sprinkler"
11047791;"Heimwerken DEPRECATED/Kategorien/Gartengeräte/Bewässerung & Schlauchsysteme/Brausen & Duschen"
11047801;"Heimwerken DEPRECATED/Kategorien/Gartengeräte/Bewässerung & Schlauchsysteme/Dichtungen, Kupplungen, Ventile & Verschraubungen"
11047811;"Heimwerken DEPRECATED/Kategorien/Gartengeräte/Bewässerung & Schlauchsysteme/Düsen, Spritzen & Sprüher"
11047821;"Heimwerken DEPRECATED/Kategorien/Gartengeräte/Bewässerung & Schlauchsysteme/Fittings, Schlauchgewinde, Stopps & Stücke"
369490011;"Heimwerken DEPRECATED/Kategorien/Gartengeräte/Bewässerung & Schlauchsysteme/Gießkannen"
15899181;"Heimwerken DEPRECATED/Kategorien/Gartengeräte/Bewässerung & Schlauchsysteme/Hauswasserwerke"
11047831;"Heimwerken DEPRECATED/Kategorien/Gartengeräte/Bewässerung & Schlauchsysteme/Hähne & Zubehör"
11047841;"Heimwerken DEPRECATED/Kategorien/Gartengeräte/Bewässerung & Schlauchsysteme/Pumpen & Zubehör"
11047851;"Heimwerken DEPRECATED/Kategorien/Gartengeräte/Bewässerung & Schlauchsysteme/Regenmesser"
11047861;"Heimwerken DEPRECATED/Kategorien/Gartengeräte/Bewässerung & Schlauchsysteme/Schlauchhalter & -wagen"
11047871;"Heimwerken DEPRECATED/Kategorien/Gartengeräte/Bewässerung & Schlauchsysteme/Schlauchschellen, -verbinder & Winkel"
11047881;"Heimwerken DEPRECATED/Kategorien/Gartengeräte/Bewässerung & Schlauchsysteme/Wasserschläuche"
11047891;"Heimwerken DEPRECATED/Kategorien/Gartengeräte/Bewässerung & Schlauchsysteme/Weitere Utensilien & Zubehör"
11047771;"Heimwerken DEPRECATED/Kategorien/Gartengeräte/Bewässerung & Schlauchsysteme"
11047561;"Heimwerken DEPRECATED/Kategorien/Gartengeräte/Bürsten, Schrubber & Eimer"
293328011;"Heimwerken DEPRECATED/Kategorien/Gartengeräte/Elektrisches Gartenwerkzeug/Generatoren"
11047961;"Heimwerken DEPRECATED/Kategorien/Gartengeräte/Elektrisches Gartenwerkzeug/Heckenscheren"
11085151;"Heimwerken DEPRECATED/Kategorien/Gartengeräte/Elektrisches Gartenwerkzeug/Holz- & Kettensägen"
11047931;"Heimwerken DEPRECATED/Kategorien/Gartengeräte/Elektrisches Gartenwerkzeug/Häcksler & Komposter"
16278481;"Heimwerken DEPRECATED/Kategorien/Gartengeräte/Elektrisches Gartenwerkzeug/Laubsauger"
11047921;"Heimwerken DEPRECATED/Kategorien/Gartengeräte/Elektrisches Gartenwerkzeug/Motorhacken"
11047941;"Heimwerken DEPRECATED/Kategorien/Gartengeräte/Elektrisches Gartenwerkzeug/Rasenmäher"
11047951;"Heimwerken DEPRECATED/Kategorien/Gartengeräte/Elektrisches Gartenwerkzeug/Sauger"
293330011;"Heimwerken DEPRECATED/Kategorien/Gartengeräte/Elektrisches Gartenwerkzeug/Sonstiges Elektrowerkzeug"
11047971;"Heimwerken DEPRECATED/Kategorien/Gartengeräte/Elektrisches Gartenwerkzeug/Trimmer & Zubehör"
293329011;"Heimwerken DEPRECATED/Kategorien/Gartengeräte/Elektrisches Gartenwerkzeug/Vertikutierer"
293331011;"Heimwerken DEPRECATED/Kategorien/Gartengeräte/Elektrisches Gartenwerkzeug/Zubehör"
11047911;"Heimwerken DEPRECATED/Kategorien/Gartengeräte/Elektrisches Gartenwerkzeug"
16278461;"Heimwerken DEPRECATED/Kategorien/Gartengeräte/Gartenschuhe & -handschuhe"
11047991;"Heimwerken DEPRECATED/Kategorien/Gartengeräte/Gartenwerkzeug/Äxte, Beile & Keile"
11048001;"Heimwerken DEPRECATED/Kategorien/Gartengeräte/Gartenwerkzeug/Besen"
11048011;"Heimwerken DEPRECATED/Kategorien/Gartengeräte/Gartenwerkzeug/Ersatzteile & Reparatur-Sets"
11048021;"Heimwerken DEPRECATED/Kategorien/Gartengeräte/Gartenwerkzeug/Fugenkratzer & Kantenzieher"
11048031;"Heimwerken DEPRECATED/Kategorien/Gartengeräte/Gartenwerkzeug/Gabeln"
11048041;"Heimwerken DEPRECATED/Kategorien/Gartengeräte/Gartenwerkzeug/Greifer & Pflücker"
11048051;"Heimwerken DEPRECATED/Kategorien/Gartengeräte/Gartenwerkzeug/Grubber, Jäter, Krallen & Kultivatoren"
11048061;"Heimwerken DEPRECATED/Kategorien/Gartengeräte/Gartenwerkzeug/Hacken & Stecher"
11718771;"Heimwerken DEPRECATED/Kategorien/Gartengeräte/Gartenwerkzeug/Handrasenmäher"
11048071;"Heimwerken DEPRECATED/Kategorien/Gartengeräte/Gartenwerkzeug/Kellen"
11048081;"Heimwerken DEPRECATED/Kategorien/Gartengeräte/Gartenwerkzeug/Lüfter & Walzen"
11048091;"Heimwerken DEPRECATED/Kategorien/Gartengeräte/Gartenwerkzeug/Messer"
11048101;"Heimwerken DEPRECATED/Kategorien/Gartengeräte/Gartenwerkzeug/Rechen"
11048111;"Heimwerken DEPRECATED/Kategorien/Gartengeräte/Gartenwerkzeug/Sägen"
11048121;"Heimwerken DEPRECATED/Kategorien/Gartengeräte/Gartenwerkzeug/Schaufeln & Spaten"
11048131;"Heimwerken DEPRECATED/Kategorien/Gartengeräte/Gartenwerkzeug/Scheren & Zubehör"
11085161;"Heimwerken DEPRECATED/Kategorien/Gartengeräte/Gartenwerkzeug/Schneeschieber"
11048141;"Heimwerken DEPRECATED/Kategorien/Gartengeräte/Gartenwerkzeug/Sensen & Dengelwerkzeug"
11048151;"Heimwerken DEPRECATED/Kategorien/Gartengeräte/Gartenwerkzeug/Stiele"
11048161;"Heimwerken DEPRECATED/Kategorien/Gartengeräte/Gartenwerkzeug/Weitere Geräte"
11048171;"Heimwerken DEPRECATED/Kategorien/Gartengeräte/Gartenwerkzeug/Werkzeug-Sets"
11047981;"Heimwerken DEPRECATED/Kategorien/Gartengeräte/Gartenwerkzeug"
11048181;"Heimwerken DEPRECATED/Kategorien/Gartengeräte/Gerätehalter"
11048191;"Heimwerken DEPRECATED/Kategorien/Gartengeräte/Karren & Transport"
11048201;"Heimwerken DEPRECATED/Kategorien/Gartengeräte/Kinderwerkzeug"
11048211;"Heimwerken DEPRECATED/Kategorien/Gartengeräte/Kompost, Abfall & Siebe"
11047701;"Heimwerken DEPRECATED/Kategorien/Gartengeräte/Reinigungsutensilien"
11047731;"Heimwerken DEPRECATED/Kategorien/Gartengeräte/Steckdosen, Kabel & Zubehör"
15367811;"Heimwerken DEPRECATED/Kategorien/Gartengeräte"
16278501;"Heimwerken DEPRECATED/Kategorien/Handwerkzeug/Abzieher"
11718071;"Heimwerken DEPRECATED/Kategorien/Handwerkzeug/Beitel"
11845991;"Heimwerken DEPRECATED/Kategorien/Handwerkzeug/Blechscheren"
10961681;"Heimwerken DEPRECATED/Kategorien/Handwerkzeug/Bolzenschneider"
10961691;"Heimwerken DEPRECATED/Kategorien/Handwerkzeug/Drahtbürsten"
369507011;"Heimwerken DEPRECATED/Kategorien/Handwerkzeug/Farbpuder"
11718091;"Heimwerken DEPRECATED/Kategorien/Handwerkzeug/Feilen & Raspeln/Feilen"
11718101;"Heimwerken DEPRECATED/Kategorien/Handwerkzeug/Feilen & Raspeln/Raspeln"
11718081;"Heimwerken DEPRECATED/Kategorien/Handwerkzeug/Feilen & Raspeln"
12841751;"Heimwerken DEPRECATED/Kategorien/Handwerkzeug/Fliesenlegerwerkzeug"
11718111;"Heimwerken DEPRECATED/Kategorien/Handwerkzeug/Gewindebohrer & Schneideisen"
11846001;"Heimwerken DEPRECATED/Kategorien/Handwerkzeug/Hobel"
10961711;"Heimwerken DEPRECATED/Kategorien/Handwerkzeug/Hämmer/Fäustel"
11718121;"Heimwerken DEPRECATED/Kategorien/Handwerkzeug/Hämmer/Holzhämmer"
11718131;"Heimwerken DEPRECATED/Kategorien/Handwerkzeug/Hämmer/Klauenhämmer"
12758351;"Heimwerken DEPRECATED/Kategorien/Handwerkzeug/Hämmer/Kunststoff- & Gummihämmer"
11718141;"Heimwerken DEPRECATED/Kategorien/Handwerkzeug/Hämmer/Lattenhämmer"
11718151;"Heimwerken DEPRECATED/Kategorien/Handwerkzeug/Hämmer/Maurerhämmer"
10961721;"Heimwerken DEPRECATED/Kategorien/Handwerkzeug/Hämmer/Schlosserhämmer"
347792011;"Heimwerken DEPRECATED/Kategorien/Handwerkzeug/Hämmer/Sets"
10961731;"Heimwerken DEPRECATED/Kategorien/Handwerkzeug/Hämmer/Vorschlaghämmer"
12759131;"Heimwerken DEPRECATED/Kategorien/Handwerkzeug/Hämmer/Weitere Hämmer"
12971641;"Heimwerken DEPRECATED/Kategorien/Handwerkzeug/Hämmer/Zubehör"
10961701;"Heimwerken DEPRECATED/Kategorien/Handwerkzeug/Hämmer"
12971651;"Heimwerken DEPRECATED/Kategorien/Handwerkzeug/Installationswerkzeug"
12759091;"Heimwerken DEPRECATED/Kategorien/Handwerkzeug/Locheisen"
12841771;"Heimwerken DEPRECATED/Kategorien/Handwerkzeug/Malerwerkzeug/Auslegefolie & -krepp"
12841781;"Heimwerken DEPRECATED/Kategorien/Handwerkzeug/Malerwerkzeug/Bürsten"
12841791;"Heimwerken DEPRECATED/Kategorien/Handwerkzeug/Malerwerkzeug/Effektwerkzeug"
12841801;"Heimwerken DEPRECATED/Kategorien/Handwerkzeug/Malerwerkzeug/Farbroller"
12842011;"Heimwerken DEPRECATED/Kategorien/Handwerkzeug/Malerwerkzeug/Farbwalzen"
12842041;"Heimwerken DEPRECATED/Kategorien/Handwerkzeug/Malerwerkzeug/Pinsel/Flachpinsel"
12842031;"Heimwerken DEPRECATED/Kategorien/Handwerkzeug/Malerwerkzeug/Pinsel/Flächenstreicher"
12842051;"Heimwerken DEPRECATED/Kategorien/Handwerkzeug/Malerwerkzeug/Pinsel/Heizkörperpinsel"
12842061;"Heimwerken DEPRECATED/Kategorien/Handwerkzeug/Malerwerkzeug/Pinsel/Ringpinsel"
12842071;"Heimwerken DEPRECATED/Kategorien/Handwerkzeug/Malerwerkzeug/Pinsel/Weitere Pinsel"
12842021;"Heimwerken DEPRECATED/Kategorien/Handwerkzeug/Malerwerkzeug/Pinsel"
12842081;"Heimwerken DEPRECATED/Kategorien/Handwerkzeug/Malerwerkzeug/Weiteres Malerwerkzeug"
12841761;"Heimwerken DEPRECATED/Kategorien/Handwerkzeug/Malerwerkzeug"
369506011;"Heimwerken DEPRECATED/Kategorien/Handwerkzeug/Markierungsfarbe"
12971661;"Heimwerken DEPRECATED/Kategorien/Handwerkzeug/Maurerwerkzeug"
10961751;"Heimwerken DEPRECATED/Kategorien/Handwerkzeug/Meißel/Elektrikermeißel"
10961761;"Heimwerken DEPRECATED/Kategorien/Handwerkzeug/Meißel/Flachmeißel"
10961771;"Heimwerken DEPRECATED/Kategorien/Handwerkzeug/Meißel/Fliesenmeißel"
10961781;"Heimwerken DEPRECATED/Kategorien/Handwerkzeug/Meißel/Maurermeißel"
10961791;"Heimwerken DEPRECATED/Kategorien/Handwerkzeug/Meißel/Spitzmeißel"
10961801;"Heimwerken DEPRECATED/Kategorien/Handwerkzeug/Meißel/Steinmeißel"
12945921;"Heimwerken DEPRECATED/Kategorien/Handwerkzeug/Meißel/Weitere Meißel"
10961741;"Heimwerken DEPRECATED/Kategorien/Handwerkzeug/Meißel"
12971671;"Heimwerken DEPRECATED/Kategorien/Handwerkzeug/Messer & Klingen/Glasschneider"
11718171;"Heimwerken DEPRECATED/Kategorien/Handwerkzeug/Messer & Klingen/Klingen"
10961811;"Heimwerken DEPRECATED/Kategorien/Handwerkzeug/Messer & Klingen/Messer"
11718161;"Heimwerken DEPRECATED/Kategorien/Handwerkzeug/Messer & Klingen"
12841661;"Heimwerken DEPRECATED/Kategorien/Handwerkzeug/Multifunktionswerkzeug"
12759081;"Heimwerken DEPRECATED/Kategorien/Handwerkzeug/Nagel- & Brecheisen"
12971681;"Heimwerken DEPRECATED/Kategorien/Handwerkzeug/Putzwerkzeug"
12841671;"Heimwerken DEPRECATED/Kategorien/Handwerkzeug/Rohrabschneider"
12971691;"Heimwerken DEPRECATED/Kategorien/Handwerkzeug/Schaber"
10961901;"Heimwerken DEPRECATED/Kategorien/Handwerkzeug/Schraubendreher/Kreuzschlitz-Schraubendreher"
10961911;"Heimwerken DEPRECATED/Kategorien/Handwerkzeug/Schraubendreher/Schlitz-Schraubendreher"
10961921;"Heimwerken DEPRECATED/Kategorien/Handwerkzeug/Schraubendreher/Schraubendreher-Sets"
10961931;"Heimwerken DEPRECATED/Kategorien/Handwerkzeug/Schraubendreher/Torx-Schraubendreher"
10961941;"Heimwerken DEPRECATED/Kategorien/Handwerkzeug/Schraubendreher/VDE-Schraubendreher"
16295101;"Heimwerken DEPRECATED/Kategorien/Handwerkzeug/Schraubendreher/Weitere Schraubendreher"
16278511;"Heimwerken DEPRECATED/Kategorien/Handwerkzeug/Schraubendreher/Winkelschraubendreher"
10961891;"Heimwerken DEPRECATED/Kategorien/Handwerkzeug/Schraubendreher"
12841681;"Heimwerken DEPRECATED/Kategorien/Handwerkzeug/Schraubenschlüssel/Drehmomentschlüssel"
10961961;"Heimwerken DEPRECATED/Kategorien/Handwerkzeug/Schraubenschlüssel/Inbusschlüssel & Sechskant-Schraubendreher"
10961971;"Heimwerken DEPRECATED/Kategorien/Handwerkzeug/Schraubenschlüssel/Maulschlüssel"
10961981;"Heimwerken DEPRECATED/Kategorien/Handwerkzeug/Schraubenschlüssel/Ringmaulschlüssel"
10961991;"Heimwerken DEPRECATED/Kategorien/Handwerkzeug/Schraubenschlüssel/Ringschlüssel"
10962001;"Heimwerken DEPRECATED/Kategorien/Handwerkzeug/Schraubenschlüssel/Rohrsteckschlüssel"
10962011;"Heimwerken DEPRECATED/Kategorien/Handwerkzeug/Schraubenschlüssel/Rollgabelschlüssel"
10962021;"Heimwerken DEPRECATED/Kategorien/Handwerkzeug/Schraubenschlüssel/Steckschlüssel & Zubehör"
16295091;"Heimwerken DEPRECATED/Kategorien/Handwerkzeug/Schraubenschlüssel/Weitere Schraubenschlüssel"
10961951;"Heimwerken DEPRECATED/Kategorien/Handwerkzeug/Schraubenschlüssel"
10962041;"Heimwerken DEPRECATED/Kategorien/Handwerkzeug/Schraubstöcke & -zwingen/Schraubstöcke"
10962051;"Heimwerken DEPRECATED/Kategorien/Handwerkzeug/Schraubstöcke & -zwingen/Schraubzwingen"
10962031;"Heimwerken DEPRECATED/Kategorien/Handwerkzeug/Schraubstöcke & -zwingen"
369503011;"Heimwerken DEPRECATED/Kategorien/Handwerkzeug/Schweißbrenner"
10962071;"Heimwerken DEPRECATED/Kategorien/Handwerkzeug/Spachteln & Kellen/Fugenkellen"
10962081;"Heimwerken DEPRECATED/Kategorien/Handwerkzeug/Spachteln & Kellen/Glättekellen"
11718191;"Heimwerken DEPRECATED/Kategorien/Handwerkzeug/Spachteln & Kellen/Malerspachteln"
11718201;"Heimwerken DEPRECATED/Kategorien/Handwerkzeug/Spachteln & Kellen/Maurerkellen"
11718181;"Heimwerken DEPRECATED/Kategorien/Handwerkzeug/Spachteln & Kellen/Rakeln"
10962091;"Heimwerken DEPRECATED/Kategorien/Handwerkzeug/Spachteln & Kellen/Stukkateurkellen"
10962101;"Heimwerken DEPRECATED/Kategorien/Handwerkzeug/Spachteln & Kellen/Stukkateurspachteln"
11718211;"Heimwerken DEPRECATED/Kategorien/Handwerkzeug/Spachteln & Kellen/Weitere Kellen"
11718221;"Heimwerken DEPRECATED/Kategorien/Handwerkzeug/Spachteln & Kellen/Weitere Spachteln"
10962061;"Heimwerken DEPRECATED/Kategorien/Handwerkzeug/Spachteln & Kellen"
11718461;"Heimwerken DEPRECATED/Kategorien/Handwerkzeug/Splintentreiber & Durchschläger"
10961831;"Heimwerken DEPRECATED/Kategorien/Handwerkzeug/Sägen & Zubehör/Bügelsägen"
10961841;"Heimwerken DEPRECATED/Kategorien/Handwerkzeug/Sägen & Zubehör/Feinsägen"
10961851;"Heimwerken DEPRECATED/Kategorien/Handwerkzeug/Sägen & Zubehör/Gehrungssägen"
10961861;"Heimwerken DEPRECATED/Kategorien/Handwerkzeug/Sägen & Zubehör/Handsägen"
16278441;"Heimwerken DEPRECATED/Kategorien/Handwerkzeug/Sägen & Zubehör/Laubsägen"
12759121;"Heimwerken DEPRECATED/Kategorien/Handwerkzeug/Sägen & Zubehör/Metallsägen"
10961881;"Heimwerken DEPRECATED/Kategorien/Handwerkzeug/Sägen & Zubehör/Schneidladen"
10961871;"Heimwerken DEPRECATED/Kategorien/Handwerkzeug/Sägen & Zubehör/Sägeblätter"
12759111;"Heimwerken DEPRECATED/Kategorien/Handwerkzeug/Sägen & Zubehör/Weitere Sägen"
10961821;"Heimwerken DEPRECATED/Kategorien/Handwerkzeug/Sägen & Zubehör"
12759061;"Heimwerken DEPRECATED/Kategorien/Handwerkzeug/Tacker/Tacker"
12759071;"Heimwerken DEPRECATED/Kategorien/Handwerkzeug/Tacker/Zubehör"
10962111;"Heimwerken DEPRECATED/Kategorien/Handwerkzeug/Tacker"
12759101;"Heimwerken DEPRECATED/Kategorien/Handwerkzeug/Tapezierwerkzeug"
12971701;"Heimwerken DEPRECATED/Kategorien/Handwerkzeug/Verlegewerkzeug"
16278541;"Heimwerken DEPRECATED/Kategorien/Handwerkzeug/Werkzeughalter"
10962131;"Heimwerken DEPRECATED/Kategorien/Handwerkzeug/Zangen/Abisolierzangen"
10962151;"Heimwerken DEPRECATED/Kategorien/Handwerkzeug/Zangen/Flachrundzangen"
10962161;"Heimwerken DEPRECATED/Kategorien/Handwerkzeug/Zangen/Flachzangen"
10962171;"Heimwerken DEPRECATED/Kategorien/Handwerkzeug/Zangen/Gripzangen"
10962181;"Heimwerken DEPRECATED/Kategorien/Handwerkzeug/Zangen/Kantenzangen"
10962191;"Heimwerken DEPRECATED/Kategorien/Handwerkzeug/Zangen/Kneifzangen"
10962201;"Heimwerken DEPRECATED/Kategorien/Handwerkzeug/Zangen/Kombizangen"
10962211;"Heimwerken DEPRECATED/Kategorien/Handwerkzeug/Zangen/Monierzangen"
10962221;"Heimwerken DEPRECATED/Kategorien/Handwerkzeug/Zangen/Rabitzzangen"
10962141;"Heimwerken DEPRECATED/Kategorien/Handwerkzeug/Zangen/Rohrzangen"
10962231;"Heimwerken DEPRECATED/Kategorien/Handwerkzeug/Zangen/Rundzangen"
10962241;"Heimwerken DEPRECATED/Kategorien/Handwerkzeug/Zangen/Seitenschneider"
10962251;"Heimwerken DEPRECATED/Kategorien/Handwerkzeug/Zangen/Sicherungszangen"
10962261;"Heimwerken DEPRECATED/Kategorien/Handwerkzeug/Zangen/Spitzzangen"
10962271;"Heimwerken DEPRECATED/Kategorien/Handwerkzeug/Zangen/Telefonzangen"
10962281;"Heimwerken DEPRECATED/Kategorien/Handwerkzeug/Zangen/Wasserpumpenzangen"
12945911;"Heimwerken DEPRECATED/Kategorien/Handwerkzeug/Zangen/Weitere Zangen"
12758341;"Heimwerken DEPRECATED/Kategorien/Handwerkzeug/Zangen/Zangensets"
10962121;"Heimwerken DEPRECATED/Kategorien/Handwerkzeug/Zangen"
16278531;"Heimwerken DEPRECATED/Kategorien/Handwerkzeug/Zurrgurte"
16278561;"Heimwerken DEPRECATED/Kategorien/Handwerkzeug/Öl- & Auffangwannen"
10961661;"Heimwerken DEPRECATED/Kategorien/Handwerkzeug"
381595011;"Heimwerken DEPRECATED/Kategorien/Leuchten"
10962301;"Heimwerken DEPRECATED/Kategorien/Messwerkzeug/Bandmaße"
11718231;"Heimwerken DEPRECATED/Kategorien/Messwerkzeug/Fühlerlehren"
347789011;"Heimwerken DEPRECATED/Kategorien/Messwerkzeug/Lasermesstechnik"
11718241;"Heimwerken DEPRECATED/Kategorien/Messwerkzeug/Lineale"
12971711;"Heimwerken DEPRECATED/Kategorien/Messwerkzeug/Markierhilfen"
347788011;"Heimwerken DEPRECATED/Kategorien/Messwerkzeug/Ortungsgeräte"
11718251;"Heimwerken DEPRECATED/Kategorien/Messwerkzeug/Schieblehren & Mikrometer"
10962311;"Heimwerken DEPRECATED/Kategorien/Messwerkzeug/Stromprüfer"
10962321;"Heimwerken DEPRECATED/Kategorien/Messwerkzeug/Wasserwaagen"
10962331;"Heimwerken DEPRECATED/Kategorien/Messwerkzeug/Weitere Messgeräte"
10962341;"Heimwerken DEPRECATED/Kategorien/Messwerkzeug/Winkelmesser"
10962351;"Heimwerken DEPRECATED/Kategorien/Messwerkzeug/Zollstöcke"
10962291;"Heimwerken DEPRECATED/Kategorien/Messwerkzeug"
10962371;"Heimwerken DEPRECATED/Kategorien/Reinigungsgeräte/Allzwecksauger"
10962381;"Heimwerken DEPRECATED/Kategorien/Reinigungsgeräte/Dampfreiniger"
10962391;"Heimwerken DEPRECATED/Kategorien/Reinigungsgeräte/Hochdruckreiniger"
347795011;"Heimwerken DEPRECATED/Kategorien/Reinigungsgeräte/Kehrmaschinen"
10962401;"Heimwerken DEPRECATED/Kategorien/Reinigungsgeräte/Nass- & Trockensauger"
10962411;"Heimwerken DEPRECATED/Kategorien/Reinigungsgeräte/Reinigungsmittel & Zubehör"
10962421;"Heimwerken DEPRECATED/Kategorien/Reinigungsgeräte/Weitere Reinigungsgeräte"
10962361;"Heimwerken DEPRECATED/Kategorien/Reinigungsgeräte"
288948011;"Heimwerken DEPRECATED/Kategorien/Sanitär-Ausstattung & Renovierung/Armaturen"
390402011;"Heimwerken DEPRECATED/Kategorien/Sanitär-Ausstattung & Renovierung/Bordüren"
390401011;"Heimwerken DEPRECATED/Kategorien/Sanitär-Ausstattung & Renovierung/Farben & Lacke"
390400011;"Heimwerken DEPRECATED/Kategorien/Sanitär-Ausstattung & Renovierung/Farbspritzgeräte & -systeme"
390403011;"Heimwerken DEPRECATED/Kategorien/Sanitär-Ausstattung & Renovierung/Farbwalzen"
390399011;"Heimwerken DEPRECATED/Kategorien/Sanitär-Ausstattung & Renovierung/Tapeten"
288949011;"Heimwerken DEPRECATED/Kategorien/Sanitär-Ausstattung & Renovierung/WC-Sitze"
319523011;"Heimwerken DEPRECATED/Kategorien/Sanitär-Ausstattung & Renovierung"
403466011;"Heimwerken DEPRECATED/Kategorien/Teich & Zubehör"
347766011;"Heimwerken DEPRECATED/Kategorien/Werkstatt/Arbeits- & Schutzbekleidung/Arbeitsschuhe"
11718271;"Heimwerken DEPRECATED/Kategorien/Werkstatt/Arbeits- & Schutzbekleidung/Gehörschutz"
11718261;"Heimwerken DEPRECATED/Kategorien/Werkstatt/Arbeits- & Schutzbekleidung/Handschuhe"
12738741;"Heimwerken DEPRECATED/Kategorien/Werkstatt/Arbeits- & Schutzbekleidung/Hosen"
11718281;"Heimwerken DEPRECATED/Kategorien/Werkstatt/Arbeits- & Schutzbekleidung/Kopfschutz"
12738751;"Heimwerken DEPRECATED/Kategorien/Werkstatt/Arbeits- & Schutzbekleidung/Oberbekleidung"
11718301;"Heimwerken DEPRECATED/Kategorien/Werkstatt/Arbeits- & Schutzbekleidung/Schutzbrillen"
11718291;"Heimwerken DEPRECATED/Kategorien/Werkstatt/Arbeits- & Schutzbekleidung/Schutzmasken"
11718311;"Heimwerken DEPRECATED/Kategorien/Werkstatt/Arbeits- & Schutzbekleidung/Schweißerschutzschilde"
12971721;"Heimwerken DEPRECATED/Kategorien/Werkstatt/Arbeits- & Schutzbekleidung/Weitere Schutzbekleidung"
10962441;"Heimwerken DEPRECATED/Kategorien/Werkstatt/Arbeits- & Schutzbekleidung"
12759141;"Heimwerken DEPRECATED/Kategorien/Werkstatt/Arbeitstische & Werkbänke"
16278491;"Heimwerken DEPRECATED/Kategorien/Werkstatt/Fachböden"
15899191;"Heimwerken DEPRECATED/Kategorien/Werkstatt/Haussicherheit, Feuer- & Wasserschutz"
11718321;"Heimwerken DEPRECATED/Kategorien/Werkstatt/Lampen"
11085141;"Heimwerken DEPRECATED/Kategorien/Werkstatt/Leitern & Zubehör"
10962451;"Heimwerken DEPRECATED/Kategorien/Werkstatt/Magazine & Sortimentskästen"
347790011;"Heimwerken DEPRECATED/Kategorien/Werkstatt/Presstechnik"
369502011;"Heimwerken DEPRECATED/Kategorien/Werkstatt/Werkstattwagen"
10962461;"Heimwerken DEPRECATED/Kategorien/Werkstatt/Werkzeugkästen"
347776011;"Heimwerken DEPRECATED/Kategorien/Werkstatt/Zubehör/Dichtstoffe"
347777011;"Heimwerken DEPRECATED/Kategorien/Werkstatt/Zubehör/Füllstoffe"
347780011;"Heimwerken DEPRECATED/Kategorien/Werkstatt/Zubehör/Handreinigung"
12841701;"Heimwerken DEPRECATED/Kategorien/Werkstatt/Zubehör/Kabelbinder"
13690741;"Heimwerken DEPRECATED/Kategorien/Werkstatt/Zubehör/Kabeltrommeln"
12841711;"Heimwerken DEPRECATED/Kategorien/Werkstatt/Zubehör/Klebe- & Isolierbänder"
347775011;"Heimwerken DEPRECATED/Kategorien/Werkstatt/Zubehör/Klebstoffe"
16278521;"Heimwerken DEPRECATED/Kategorien/Werkstatt/Zubehör/Messerbalken"
347778011;"Heimwerken DEPRECATED/Kategorien/Werkstatt/Zubehör/Oberflächen- und Korrosionsschutz"
347781011;"Heimwerken DEPRECATED/Kategorien/Werkstatt/Zubehör/Reinigungstücher"
12841721;"Heimwerken DEPRECATED/Kategorien/Werkstatt/Zubehör/Schleifpapier"
347774011;"Heimwerken DEPRECATED/Kategorien/Werkstatt/Zubehör/Schmierstoffe/Öle"
12971731;"Heimwerken DEPRECATED/Kategorien/Werkstatt/Zubehör/Schmierstoffe"
347779011;"Heimwerken DEPRECATED/Kategorien/Werkstatt/Zubehör/Wartungsspray"
12841691;"Heimwerken DEPRECATED/Kategorien/Werkstatt/Zubehör"
10962431;"Heimwerken DEPRECATED/Kategorien/Werkstatt"
369504011;"Heimwerken DEPRECATED/Kategorien/Wohnen & Lifestyle"
10925051;"Heimwerken DEPRECATED/Kategorien"
