13316911;"Spielzeug/Alter & Marken/Marken/A/Abacus Spiele"
13316921;"Spielzeug/Alter & Marken/Marken/A/Amigo"
13316771;"Spielzeug/Alter & Marken/Marken/A"
13316931;"Spielzeug/Alter & Marken/Marken/B/Bauer"
13316941;"Spielzeug/Alter & Marken/Marken/B/Bburago"
13316951;"Spielzeug/Alter & Marken/Marken/B/Beeboo"
13316961;"Spielzeug/Alter & Marken/Marken/B/Beluga Spielwaren"
13316971;"Spielzeug/Alter & Marken/Marken/B/Berchet Deutschland"
13316981;"Spielzeug/Alter & Marken/Marken/B/BIG"
13316991;"Spielzeug/Alter & Marken/Marken/B/Brawa"
15340981;"Spielzeug/Alter & Marken/Marken/B/Brekina"
13317001;"Spielzeug/Alter & Marken/Marken/B/BRIO"
13317011;"Spielzeug/Alter & Marken/Marken/B/Bruder"
13317021;"Spielzeug/Alter & Marken/Marken/B/BULLYLAND"
15340951;"Spielzeug/Alter & Marken/Marken/B/Busch"
13316781;"Spielzeug/Alter & Marken/Marken/B"
13317031;"Spielzeug/Alter & Marken/Marken/C/Carrera"
13317041;"Spielzeug/Alter & Marken/Marken/C/CARS & CO COMPANY"
15340921;"Spielzeug/Alter & Marken/Marken/C/Cars & Co Company"
13317051;"Spielzeug/Alter & Marken/Marken/C/Chicco"
13317061;"Spielzeug/Alter & Marken/Marken/C/Clemens"
13317071;"Spielzeug/Alter & Marken/Marken/C/Clementoni"
13317081;"Spielzeug/Alter & Marken/Marken/C/Coppenrath"
13317091;"Spielzeug/Alter & Marken/Marken/C/Crayola"
13316791;"Spielzeug/Alter & Marken/Marken/C"
13317101;"Spielzeug/Alter & Marken/Marken/D/Da capo"
13317111;"Spielzeug/Alter & Marken/Marken/D/Dickie"
15340931;"Spielzeug/Alter & Marken/Marken/D/Dickie-Schuco"
13316801;"Spielzeug/Alter & Marken/Marken/D"
13144151;"Spielzeug/Alter & Marken/Marken/E/Eichhorn"
13317121;"Spielzeug/Alter & Marken/Marken/E/EKOS"
13317131;"Spielzeug/Alter & Marken/Marken/E/Euroseller24h"
13144141;"Spielzeug/Alter & Marken/Marken/E"
13317141;"Spielzeug/Alter & Marken/Marken/F/Falquet & Cie"
13317151;"Spielzeug/Alter & Marken/Marken/F/Fehn"
13317161;"Spielzeug/Alter & Marken/Marken/F/Finken Verlag"
13317171;"Spielzeug/Alter & Marken/Marken/F/Fischertechnik"
444789031;"Spielzeug/Alter & Marken/Marken/F/Fisher-Price"
13144191;"Spielzeug/Alter & Marken/Marken/F/Friedola"
13317401;"Spielzeug/Alter & Marken/Marken/F/Martin Fuchs"
13144181;"Spielzeug/Alter & Marken/Marken/F"
13317191;"Spielzeug/Alter & Marken/Marken/G/Götz Puppenmanufaktur"
13317201;"Spielzeug/Alter & Marken/Marken/G/Günther Flugmodelle"
13316811;"Spielzeug/Alter & Marken/Marken/G"
13317211;"Spielzeug/Alter & Marken/Marken/H/HABA"
13317221;"Spielzeug/Alter & Marken/Marken/H/Hama"
13317231;"Spielzeug/Alter & Marken/Marken/H/HaPe International"
13144111;"Spielzeug/Alter & Marken/Marken/H/Hasbro"
13317241;"Spielzeug/Alter & Marken/Marken/H/HCM"
13317261;"Spielzeug/Alter & Marken/Marken/H/Heller"
13317271;"Spielzeug/Alter & Marken/Marken/H/Herpa"
290172011;"Spielzeug/Alter & Marken/Marken/H/Heunec"
13317281;"Spielzeug/Alter & Marken/Marken/H/Holzinsel"
13144101;"Spielzeug/Alter & Marken/Marken/H"
13317291;"Spielzeug/Alter & Marken/Marken/I/Impag"
13316821;"Spielzeug/Alter & Marken/Marken/I"
13317301;"Spielzeug/Alter & Marken/Marken/J/Joker"
13317311;"Spielzeug/Alter & Marken/Marken/J/Joola"
13317321;"Spielzeug/Alter & Marken/Marken/J/Jumbo Spiele"
13316831;"Spielzeug/Alter & Marken/Marken/J"
13317251;"Spielzeug/Alter & Marken/Marken/K/Kettler"
13317341;"Spielzeug/Alter & Marken/Marken/K/Theo Klein"
13317351;"Spielzeug/Alter & Marken/Marken/K/Kösener"
13317361;"Spielzeug/Alter & Marken/Marken/K/Kosmos"
13317331;"Spielzeug/Alter & Marken/Marken/K/Käthe Kruse"
13317371;"Spielzeug/Alter & Marken/Marken/K/Kyosho"
13316841;"Spielzeug/Alter & Marken/Marken/K"
13317381;"Spielzeug/Alter & Marken/Marken/L/Learning Curve"
13144061;"Spielzeug/Alter & Marken/Marken/L"
13317391;"Spielzeug/Alter & Marken/Marken/M/Märklin"
15340971;"Spielzeug/Alter & Marken/Marken/M/Maisto"
13317411;"Spielzeug/Alter & Marken/Marken/M/Matador"
13317421;"Spielzeug/Alter & Marken/Marken/M/Mattel"
13317431;"Spielzeug/Alter & Marken/Marken/M/MECCANO"
13317441;"Spielzeug/Alter & Marken/Marken/M/Mega Bloks"
15340901;"Spielzeug/Alter & Marken/Marken/M/Minichamps"
13316851;"Spielzeug/Alter & Marken/Marken/M"
13317451;"Spielzeug/Alter & Marken/Marken/N/Natural Games"
13743971;"Spielzeug/Alter & Marken/Marken/N/Nikko"
13317461;"Spielzeug/Alter & Marken/Marken/N/NOCH"
13317471;"Spielzeug/Alter & Marken/Marken/N/Nord-Süd Verlag"
13144221;"Spielzeug/Alter & Marken/Marken/N/Noris"
13144211;"Spielzeug/Alter & Marken/Marken/N"
13586731;"Spielzeug/Alter & Marken/Marken/O/Ostheimer"
13586721;"Spielzeug/Alter & Marken/Marken/O"
13317481;"Spielzeug/Alter & Marken/Marken/P/Panini"
13317491;"Spielzeug/Alter & Marken/Marken/P/Piatnik Deutschland"
13317501;"Spielzeug/Alter & Marken/Marken/P/Plastwood Deutschland"
13317511;"Spielzeug/Alter & Marken/Marken/P/Playmobil"
13317521;"Spielzeug/Alter & Marken/Marken/P/Plüti nova"
13317531;"Spielzeug/Alter & Marken/Marken/P/Prestel"
13316861;"Spielzeug/Alter & Marken/Marken/P"
13317541;"Spielzeug/Alter & Marken/Marken/Q/Quadro"
13316871;"Spielzeug/Alter & Marken/Marken/Q"
13144201;"Spielzeug/Alter & Marken/Marken/R/Ravensburger"
13317181;"Spielzeug/Alter & Marken/Marken/R/Georg Reulein"
13144171;"Spielzeug/Alter & Marken/Marken/R/Revell"
13317551;"Spielzeug/Alter & Marken/Marken/R/Rolly toys"
13144161;"Spielzeug/Alter & Marken/Marken/R"
13144081;"Spielzeug/Alter & Marken/Marken/S/SIKU"
13317561;"Spielzeug/Alter & Marken/Marken/S/Sassy"
13317571;"Spielzeug/Alter & Marken/Marken/S/Schleich"
13317581;"Spielzeug/Alter & Marken/Marken/S/Schmidt Spiele"
13317591;"Spielzeug/Alter & Marken/Marken/S/Selecta"
13317601;"Spielzeug/Alter & Marken/Marken/S/Sigikid"
293760011;"Spielzeug/Alter & Marken/Marken/S/Silverlit"
13317611;"Spielzeug/Alter & Marken/Marken/S/Simba"
13317621;"Spielzeug/Alter & Marken/Marken/S/Smoby Deutschland"
13317631;"Spielzeug/Alter & Marken/Marken/S/Spielspass"
13144091;"Spielzeug/Alter & Marken/Marken/S/Stadlbauer"
13317641;"Spielzeug/Alter & Marken/Marken/S/Steiff"
13317651;"Spielzeug/Alter & Marken/Marken/S/Sterntaler"
13317661;"Spielzeug/Alter & Marken/Marken/S/Stilp"
13317671;"Spielzeug/Alter & Marken/Marken/S/Suzy"
13144041;"Spielzeug/Alter & Marken/Marken/S"
13144131;"Spielzeug/Alter & Marken/Marken/T/The Toy Company"
13144231;"Spielzeug/Alter & Marken/Marken/T/Totum"
13317681;"Spielzeug/Alter & Marken/Marken/T/Trudi"
13144121;"Spielzeug/Alter & Marken/Marken/T"
13317691;"Spielzeug/Alter & Marken/Marken/V/Vtech"
13316881;"Spielzeug/Alter & Marken/Marken/V"
13317701;"Spielzeug/Alter & Marken/Marken/W/Wader"
13317711;"Spielzeug/Alter & Marken/Marken/W/Weico"
15340911;"Spielzeug/Alter & Marken/Marken/W/Welly Company"
13317721;"Spielzeug/Alter & Marken/Marken/W/Westermann Lernspielverlag"
15340961;"Spielzeug/Alter & Marken/Marken/W/Wiking"
13317731;"Spielzeug/Alter & Marken/Marken/W/Wilesco"
13317741;"Spielzeug/Alter & Marken/Marken/W/Winning-Moves"
13317751;"Spielzeug/Alter & Marken/Marken/W/Wizards of the Coast"
13316891;"Spielzeug/Alter & Marken/Marken/W"
13317761;"Spielzeug/Alter & Marken/Marken/Z/Zapf Creation"
13317771;"Spielzeug/Alter & Marken/Marken/Z/Zoch"
13316901;"Spielzeug/Alter & Marken/Marken/Z"
12950721;"Spielzeug/Alter & Marken/Marken"
391801011;"Spielzeug/Alter & Marken/Nach Alter/0 bis 6 Monate"
391802011;"Spielzeug/Alter & Marken/Nach Alter/7 bis 12 Monate"
391803011;"Spielzeug/Alter & Marken/Nach Alter/1 Jahr"
391804011;"Spielzeug/Alter & Marken/Nach Alter/2 bis 3 Jahre"
391805011;"Spielzeug/Alter & Marken/Nach Alter/4 bis 7 Jahre"
391806011;"Spielzeug/Alter & Marken/Nach Alter/8 bis 10 Jahre"
391807011;"Spielzeug/Alter & Marken/Nach Alter/11 bis 14 Jahre"
399988031;"Spielzeug/Alter & Marken/Nach Alter/0 - 24 Monate"
399989031;"Spielzeug/Alter & Marken/Nach Alter/2 - 4 Jahre"
399990031;"Spielzeug/Alter & Marken/Nach Alter/5 - 7 Jahre"
399991031;"Spielzeug/Alter & Marken/Nach Alter/8 - 11 Jahre"
399992031;"Spielzeug/Alter & Marken/Nach Alter/12 - 15 Jahre"
391808011;"Spielzeug/Alter & Marken/Nach Alter/Erwachsene"
13040381;"Spielzeug/Alter & Marken/Nach Alter"
16291311;"Spielzeug/Alter & Marken"
