4185471;"Games/Plattformen/Classics/ N-Gage/Alle N-Gage-Spiele"
4185481;"Games/Plattformen/Classics/ N-Gage/N-Gage-Zubehör"
4010671;"Games/Plattformen/Classics/ N-Gage"
403304;"Games/Plattformen/Classics/DOS"
301015;"Games/Plattformen/Classics/Game Boy/Actionspiele"
301017;"Games/Plattformen/Classics/Game Boy/Adventures & Rollenspiele/Adventures"
403640;"Games/Plattformen/Classics/Game Boy/Adventures & Rollenspiele/Rollenspiele"
699690;"Games/Plattformen/Classics/Game Boy/Adventures & Rollenspiele"
697908;"Games/Plattformen/Classics/Game Boy/Alle Game Boy-Spiele"
301906;"Games/Plattformen/Classics/Game Boy/Fun- & Gesellschaftsspiele/Geschicklichkeitsspiele"
301908;"Games/Plattformen/Classics/Game Boy/Fun- & Gesellschaftsspiele/Fun-Games"
301020;"Games/Plattformen/Classics/Game Boy/Fun- & Gesellschaftsspiele"
301018;"Games/Plattformen/Classics/Game Boy/Jump & Runs"
403634;"Games/Plattformen/Classics/Game Boy/Rennspiele"
301021;"Games/Plattformen/Classics/Game Boy/Simulationen"
540976;"Games/Plattformen/Classics/Game Boy/Spielesammlungen"
301022;"Games/Plattformen/Classics/Game Boy/Sportspiele"
301907;"Games/Plattformen/Classics/Game Boy/Strategiespiele"
701050;"Games/Plattformen/Classics/Game Boy/Zubehör & Hardware/Konsolen"
701052;"Games/Plattformen/Classics/Game Boy/Zubehör & Hardware/Licht & Lupe"
701054;"Games/Plattformen/Classics/Game Boy/Zubehör & Hardware/Linkkabel"
701056;"Games/Plattformen/Classics/Game Boy/Zubehör & Hardware/Netzteile & Akkus"
701060;"Games/Plattformen/Classics/Game Boy/Zubehör & Hardware/Schummelmodule"
701058;"Games/Plattformen/Classics/Game Boy/Zubehör & Hardware/Taschen & Aufbewahrung"
701062;"Games/Plattformen/Classics/Game Boy/Zubehör & Hardware/Mehr Zubehör"
301026;"Games/Plattformen/Classics/Game Boy/Zubehör & Hardware"
301014;"Games/Plattformen/Classics/Game Boy"
600596;"Games/Plattformen/Classics/Game Boy Advance/Actionspiele"
600594;"Games/Plattformen/Classics/Game Boy Advance/Adventures & Rollenspiele"
697910;"Games/Plattformen/Classics/Game Boy Advance/Alle Game Boy Advance-Spiele"
600604;"Games/Plattformen/Classics/Game Boy Advance/Fun- & Gesellschaftsspiele"
600600;"Games/Plattformen/Classics/Game Boy Advance/Jump & Runs"
600598;"Games/Plattformen/Classics/Game Boy Advance/Rennspiele"
600602;"Games/Plattformen/Classics/Game Boy Advance/Sportspiele"
3368661;"Games/Plattformen/Classics/Game Boy Advance/Strategiespiele"
16010801;"Games/Plattformen/Classics/Game Boy Advance/Konsolen/Game Boy Advance"
16010811;"Games/Plattformen/Classics/Game Boy Advance/Konsolen/Game Boy Advance SP"
16010821;"Games/Plattformen/Classics/Game Boy Advance/Konsolen/Game Boy Micro"
701064;"Games/Plattformen/Classics/Game Boy Advance/Konsolen"
701068;"Games/Plattformen/Classics/Game Boy Advance/Zubehör/Licht & Lupe"
701072;"Games/Plattformen/Classics/Game Boy Advance/Zubehör/Linkkabel"
701070;"Games/Plattformen/Classics/Game Boy Advance/Zubehör/Netzteile & Akkus"
701066;"Games/Plattformen/Classics/Game Boy Advance/Zubehör/Taschen & Aufbewahrung"
16265231;"Games/Plattformen/Classics/Game Boy Advance/Zubehör/Gameboy Micro Zubehör"
3423931;"Games/Plattformen/Classics/Game Boy Advance/Zubehör/GBA SP Zubehör"
701074;"Games/Plattformen/Classics/Game Boy Advance/Zubehör/Mehr Zubehör"
600590;"Games/Plattformen/Classics/Game Boy Advance/Zubehör"
569128;"Games/Plattformen/Classics/Game Boy Advance"
901946;"Games/Plattformen/Classics/GameCube/Actionspiele"
977418;"Games/Plattformen/Classics/GameCube/Adventures & Rollenspiele"
901944;"Games/Plattformen/Classics/GameCube/Alle GameCube-Spiele"
977422;"Games/Plattformen/Classics/GameCube/Fun- & Gesellschaftsspiele"
977424;"Games/Plattformen/Classics/GameCube/Jump & Runs"
977426;"Games/Plattformen/Classics/GameCube/Rennspiele"
3368671;"Games/Plattformen/Classics/GameCube/Simulationen"
977420;"Games/Plattformen/Classics/GameCube/Sportspiele"
1105138;"Games/Plattformen/Classics/GameCube/Strategiespiele"
10398851;"Games/Plattformen/Classics/GameCube/Player's Choice"
901950;"Games/Plattformen/Classics/GameCube/Zubehör & Hardware/Konsolen"
901954;"Games/Plattformen/Classics/GameCube/Zubehör & Hardware/Controller & Gamepads"
901956;"Games/Plattformen/Classics/GameCube/Zubehör & Hardware/Kabel"
901952;"Games/Plattformen/Classics/GameCube/Zubehör & Hardware/Memorykarten"
901958;"Games/Plattformen/Classics/GameCube/Zubehör & Hardware/Taschen & Aufbewahrung"
901960;"Games/Plattformen/Classics/GameCube/Zubehör & Hardware/Mehr Zubehör"
901948;"Games/Plattformen/Classics/GameCube/Zubehör & Hardware"
639320;"Games/Plattformen/Classics/GameCube"
14101481;"Games/Plattformen/Classics/Gizmondo/Spiele"
14101491;"Games/Plattformen/Classics/Gizmondo/Zubehör & Hardware"
14101471;"Games/Plattformen/Classics/Gizmondo"
301038;"Games/Plattformen/Classics/Nintendo 64/Actionspiele"
699692;"Games/Plattformen/Classics/Nintendo 64/Adventures & Rollenspiele"
697912;"Games/Plattformen/Classics/Nintendo 64/Alle Nintendo 64-Spiele"
301043;"Games/Plattformen/Classics/Nintendo 64/Fun- & Gesellschaftsspiele"
301041;"Games/Plattformen/Classics/Nintendo 64/Jump & Runs"
301042;"Games/Plattformen/Classics/Nintendo 64/Rennspiele"
301045;"Games/Plattformen/Classics/Nintendo 64/Sportspiele"
1191204;"Games/Plattformen/Classics/Nintendo 64/Strategiespiele"
701076;"Games/Plattformen/Classics/Nintendo 64/Zubehör & Hardware/Controller & Gamepads"
701082;"Games/Plattformen/Classics/Nintendo 64/Zubehör & Hardware/Lenkräder"
701078;"Games/Plattformen/Classics/Nintendo 64/Zubehör & Hardware/Memorykarten"
701080;"Games/Plattformen/Classics/Nintendo 64/Zubehör & Hardware/Rumble Packs"
701084;"Games/Plattformen/Classics/Nintendo 64/Zubehör & Hardware/Mehr Zubehör"
408342;"Games/Plattformen/Classics/Nintendo 64/Zubehör & Hardware"
301037;"Games/Plattformen/Classics/Nintendo 64"
565484;"Games/Plattformen/Classics/PlayStation/Adventures & Rollenspiele/Action-Adventures"
300995;"Games/Plattformen/Classics/PlayStation/Actionspiele/Actionspiele"
301909;"Games/Plattformen/Classics/PlayStation/Actionspiele/Kampfspiele"
300994;"Games/Plattformen/Classics/PlayStation/Actionspiele"
565484;"Games/Plattformen/Classics/PlayStation/Adventures & Rollenspiele/Action-Adventures"
300996;"Games/Plattformen/Classics/PlayStation/Adventures & Rollenspiele/Adventures"
301000;"Games/Plattformen/Classics/PlayStation/Adventures & Rollenspiele/Rollenspiele"
699696;"Games/Plattformen/Classics/PlayStation/Adventures & Rollenspiele"
697914;"Games/Plattformen/Classics/PlayStation/Alle PlayStation-Spiele"
565486;"Games/Plattformen/Classics/PlayStation/Fun- & Gesellschaftsspiele"
300997;"Games/Plattformen/Classics/PlayStation/Jump & Runs"
300998;"Games/Plattformen/Classics/PlayStation/Rennspiele"
301001;"Games/Plattformen/Classics/PlayStation/Simulationen"
916422;"Games/Plattformen/Classics/PlayStation/Spielesammlungen"
301008;"Games/Plattformen/Classics/PlayStation/Sportspiele/Basketball"
301009;"Games/Plattformen/Classics/PlayStation/Sportspiele/Boxen"
301010;"Games/Plattformen/Classics/PlayStation/Sportspiele/Eishockey"
301011;"Games/Plattformen/Classics/PlayStation/Sportspiele/Fußball"
565504;"Games/Plattformen/Classics/PlayStation/Sportspiele/Motorsport"
301911;"Games/Plattformen/Classics/PlayStation/Sportspiele/Mehr Sportspiele"
301006;"Games/Plattformen/Classics/PlayStation/Sportspiele"
301003;"Games/Plattformen/Classics/PlayStation/Strategiespiele"
565500;"Games/Plattformen/Classics/PlayStation/Platinum-Serie/Actionspiele"
565502;"Games/Plattformen/Classics/PlayStation/Platinum-Serie/Adventures & Rollenspiele"
1055456;"Games/Plattformen/Classics/PlayStation/Platinum-Serie/Fun- & Gesellschaftsspiele"
565498;"Games/Plattformen/Classics/PlayStation/Platinum-Serie/Jump & Runs"
565496;"Games/Plattformen/Classics/PlayStation/Platinum-Serie/Rennspiele"
1055458;"Games/Plattformen/Classics/PlayStation/Platinum-Serie/Simulationen"
712280;"Games/Plattformen/Classics/PlayStation/Platinum-Serie/Sportspiele"
1055460;"Games/Plattformen/Classics/PlayStation/Platinum-Serie/Strategie"
565494;"Games/Plattformen/Classics/PlayStation/Platinum-Serie"
701090;"Games/Plattformen/Classics/PlayStation/Zubehör & Hardware/Controller & Gamepads"
701088;"Games/Plattformen/Classics/PlayStation/Zubehör & Hardware/Kabel"
701100;"Games/Plattformen/Classics/PlayStation/Zubehör & Hardware/LCD-Displays"
701094;"Games/Plattformen/Classics/PlayStation/Zubehör & Hardware/Lenkräder"
701096;"Games/Plattformen/Classics/PlayStation/Zubehör & Hardware/Lightguns"
701086;"Games/Plattformen/Classics/PlayStation/Zubehör & Hardware/Memorykarten"
701092;"Games/Plattformen/Classics/PlayStation/Zubehör & Hardware/Multitaps"
701098;"Games/Plattformen/Classics/PlayStation/Zubehör & Hardware/Schummelmodule"
701102;"Games/Plattformen/Classics/PlayStation/Zubehör & Hardware/Taschen & Aufbewahrung"
701104;"Games/Plattformen/Classics/PlayStation/Zubehör & Hardware/Mehr Zubehör"
403624;"Games/Plattformen/Classics/PlayStation/Zubehör & Hardware"
300993;"Games/Plattformen/Classics/PlayStation"
301028;"Games/Plattformen/Classics/Sega Dreamcast/Actionspiele"
699700;"Games/Plattformen/Classics/Sega Dreamcast/Adventures & Rollenspiele"
697906;"Games/Plattformen/Classics/Sega Dreamcast/Alle Sega Dreamcast-Spiele"
301033;"Games/Plattformen/Classics/Sega Dreamcast/Fun- & Gesellschaftsspiele"
565476;"Games/Plattformen/Classics/Sega Dreamcast/Jump & Runs"
301032;"Games/Plattformen/Classics/Sega Dreamcast/Rennspiele"
301034;"Games/Plattformen/Classics/Sega Dreamcast/Simulationen"
540986;"Games/Plattformen/Classics/Sega Dreamcast/Spielesammlungen"
301035;"Games/Plattformen/Classics/Sega Dreamcast/Sportspiele"
565478;"Games/Plattformen/Classics/Sega Dreamcast/Strategiespiele"
701124;"Games/Plattformen/Classics/Sega Dreamcast/Zubehör & Hardware/Controller & Gamepads"
701126;"Games/Plattformen/Classics/Sega Dreamcast/Zubehör & Hardware/Kabel"
701128;"Games/Plattformen/Classics/Sega Dreamcast/Zubehör & Hardware/Lenkräder"
701130;"Games/Plattformen/Classics/Sega Dreamcast/Zubehör & Hardware/Memorykarten"
701134;"Games/Plattformen/Classics/Sega Dreamcast/Zubehör & Hardware/Schummelmodule"
701132;"Games/Plattformen/Classics/Sega Dreamcast/Zubehör & Hardware/Vibration Packs"
301036;"Games/Plattformen/Classics/Sega Dreamcast/Zubehör & Hardware"
301027;"Games/Plattformen/Classics/Sega Dreamcast"
16257811;"Games/Plattformen/Classics/Sega Genesis"
1198490;"Games/Plattformen/Classics/Sega Saturn"
403366;"Games/Plattformen/Classics/Windows 3.x"
908812;"Games/Plattformen/Classics/Xbox/Actionspiele"
908814;"Games/Plattformen/Classics/Xbox/Adventures & Rollenspiele"
749284;"Games/Plattformen/Classics/Xbox/Alle Xbox-Spiele"
908816;"Games/Plattformen/Classics/Xbox/Fun- & Gesellschaftsspiele"
916424;"Games/Plattformen/Classics/Xbox/Jump & Runs"
908818;"Games/Plattformen/Classics/Xbox/Rennspiele"
3285521;"Games/Plattformen/Classics/Xbox/Simulationen"
908820;"Games/Plattformen/Classics/Xbox/Sportspiele"
916426;"Games/Plattformen/Classics/Xbox/Strategiespiele"
3422561;"Games/Plattformen/Classics/Xbox/Xbox Classics"
12975941;"Games/Plattformen/Classics/Xbox/Xbox Live"
3431881;"Games/Plattformen/Classics/Xbox/Zubehör & Hardware/Konsolen"
908822;"Games/Plattformen/Classics/Xbox/Zubehör & Hardware/Controller & Gamepads"
908824;"Games/Plattformen/Classics/Xbox/Zubehör & Hardware/Kabel & Adapter"
908826;"Games/Plattformen/Classics/Xbox/Zubehör & Hardware/Memorykarten"
1091914;"Games/Plattformen/Classics/Xbox/Zubehör & Hardware/Nach Hersteller/Originalzubehör von Microsoft"
1091916;"Games/Plattformen/Classics/Xbox/Zubehör & Hardware/Nach Hersteller/Bigben"
1091924;"Games/Plattformen/Classics/Xbox/Zubehör & Hardware/Nach Hersteller/Guillemot"
3003881;"Games/Plattformen/Classics/Xbox/Zubehör & Hardware/Nach Hersteller/Joytech"
1091922;"Games/Plattformen/Classics/Xbox/Zubehör & Hardware/Nach Hersteller/Logic 3"
14205831;"Games/Plattformen/Classics/Xbox/Zubehör & Hardware/Nach Hersteller/Logitech"
16243691;"Games/Plattformen/Classics/Xbox/Zubehör & Hardware/Nach Hersteller/MaDrics"
1091918;"Games/Plattformen/Classics/Xbox/Zubehör & Hardware/Nach Hersteller/NBG"
1091920;"Games/Plattformen/Classics/Xbox/Zubehör & Hardware/Nach Hersteller/Saitek"
1091912;"Games/Plattformen/Classics/Xbox/Zubehör & Hardware/Nach Hersteller"
908828;"Games/Plattformen/Classics/Xbox/Zubehör & Hardware/Taschen & Aufbewahrung"
908830;"Games/Plattformen/Classics/Xbox/Zubehör & Hardware/Mehr Zubehör"
749286;"Games/Plattformen/Classics/Xbox/Zubehör & Hardware"
575708;"Games/Plattformen/Classics/Xbox"
355008011;"Games/Plattformen/Classics"
403626;"Bücher/Kategorien/Computer & Internet/Lösungsbücher für PC- & Videospiele"
13376451;"Games/Plattformen/Mac/Hardware & Zubehör"
13376361;"Games/Plattformen/Mac/Spiele/Actionspiele"
13376371;"Games/Plattformen/Mac/Spiele/Adventures & Rollenspiele"
13376381;"Games/Plattformen/Mac/Spiele/Fun- & Gesellschaftsspiele"
13376391;"Games/Plattformen/Mac/Spiele/Jump & Runs"
13376401;"Games/Plattformen/Mac/Spiele/Rennspiele"
13376411;"Games/Plattformen/Mac/Spiele/Simulationen"
13376421;"Games/Plattformen/Mac/Spiele/Spielesammlungen"
13376431;"Games/Plattformen/Mac/Spiele/Sportspiele"
13376441;"Games/Plattformen/Mac/Spiele/Strategiespiele"
1480751031;"Games/Plattformen/Mac/Spiele"
403352;"Games/Plattformen/Mac"
537199031;"Games/Plattformen/Nintendo 3DS/Konsolen"
537202031;"Games/Plattformen/Nintendo 3DS/Spiele/Actionspiele/Action-Adventures"
537203031;"Games/Plattformen/Nintendo 3DS/Spiele/Actionspiele/Beat 'em Up"
537204031;"Games/Plattformen/Nintendo 3DS/Spiele/Actionspiele/Militär & Spionage"
537205031;"Games/Plattformen/Nintendo 3DS/Spiele/Actionspiele/Shooter"
537201031;"Games/Plattformen/Nintendo 3DS/Spiele/Actionspiele"
537206031;"Games/Plattformen/Nintendo 3DS/Spiele/Adventures"
537209031;"Games/Plattformen/Nintendo 3DS/Spiele/Brett- & Kartenspiele/Brettspiele"
537210031;"Games/Plattformen/Nintendo 3DS/Spiele/Brett- & Kartenspiele/Kartenspiele"
689198031;"Games/Plattformen/Nintendo 3DS/Spiele/Brett- & Kartenspiele"
537211031;"Games/Plattformen/Nintendo 3DS/Spiele/Casinospiele"
537220031;"Games/Plattformen/Nintendo 3DS/Spiele/Denk- & Quizspiele"
537212031;"Games/Plattformen/Nintendo 3DS/Spiele/Fitness & Ernährung"
537214031;"Games/Plattformen/Nintendo 3DS/Spiele/Hobby & Bildung"
537208031;"Games/Plattformen/Nintendo 3DS/Spiele/Jump & Runs"
537216031;"Games/Plattformen/Nintendo 3DS/Spiele/Musikspiele/Tanz"
537217031;"Games/Plattformen/Nintendo 3DS/Spiele/Musikspiele/Musikinstrumente"
537218031;"Games/Plattformen/Nintendo 3DS/Spiele/Musikspiele/Rhythm Action"
537219031;"Games/Plattformen/Nintendo 3DS/Spiele/Musikspiele/Gesang & Karaoke"
537215031;"Games/Plattformen/Nintendo 3DS/Spiele/Musikspiele"
537221031;"Games/Plattformen/Nintendo 3DS/Spiele/Rennspiele"
537222031;"Games/Plattformen/Nintendo 3DS/Spiele/Rollenspiele"
537228031;"Games/Plattformen/Nintendo 3DS/Spiele/Simulationen/Alltag"
537225031;"Games/Plattformen/Nintendo 3DS/Spiele/Simulationen/Fahrzeuge"
537227031;"Games/Plattformen/Nintendo 3DS/Spiele/Simulationen/Flugzeuge"
537226031;"Games/Plattformen/Nintendo 3DS/Spiele/Simulationen/Landwirtschaft"
537229031;"Games/Plattformen/Nintendo 3DS/Spiele/Simulationen/Roboter"
537230031;"Games/Plattformen/Nintendo 3DS/Spiele/Simulationen/Züge"
537223031;"Games/Plattformen/Nintendo 3DS/Spiele/Simulationen"
537232031;"Games/Plattformen/Nintendo 3DS/Spiele/Sportspiele/American Football"
537233031;"Games/Plattformen/Nintendo 3DS/Spiele/Sportspiele/Baseball"
537234031;"Games/Plattformen/Nintendo 3DS/Spiele/Sportspiele/Basketball"
537235031;"Games/Plattformen/Nintendo 3DS/Spiele/Sportspiele/Billiard"
537236031;"Games/Plattformen/Nintendo 3DS/Spiele/Sportspiele/Boarding & Blading"
537237031;"Games/Plattformen/Nintendo 3DS/Spiele/Sportspiele/Bowling"
537238031;"Games/Plattformen/Nintendo 3DS/Spiele/Sportspiele/Boxen & Kampfsport"
537239031;"Games/Plattformen/Nintendo 3DS/Spiele/Sportspiele/Cricket"
537240031;"Games/Plattformen/Nintendo 3DS/Spiele/Sportspiele/Darts"
537241031;"Games/Plattformen/Nintendo 3DS/Spiele/Sportspiele/Fußball"
537242031;"Games/Plattformen/Nintendo 3DS/Spiele/Sportspiele/Golf"
537243031;"Games/Plattformen/Nintendo 3DS/Spiele/Sportspiele/Jagen & Fischen"
537244031;"Games/Plattformen/Nintendo 3DS/Spiele/Sportspiele/Eishockey"
537245031;"Games/Plattformen/Nintendo 3DS/Spiele/Sportspiele/Rugby"
537246031;"Games/Plattformen/Nintendo 3DS/Spiele/Sportspiele/Ski & Snowboard"
537247031;"Games/Plattformen/Nintendo 3DS/Spiele/Sportspiele/Tennis"
537248031;"Games/Plattformen/Nintendo 3DS/Spiele/Sportspiele/Wrestling"
537231031;"Games/Plattformen/Nintendo 3DS/Spiele/Sportspiele"
537250031;"Games/Plattformen/Nintendo 3DS/Spiele/Strategiespiele/Fantasy"
537251031;"Games/Plattformen/Nintendo 3DS/Spiele/Strategiespiele/Geschichte"
537255031;"Games/Plattformen/Nintendo 3DS/Spiele/Strategiespiele/Künstliche Welten"
537252031;"Games/Plattformen/Nintendo 3DS/Spiele/Strategiespiele/Militär"
537253031;"Games/Plattformen/Nintendo 3DS/Spiele/Strategiespiele/Science Fiction"
537254031;"Games/Plattformen/Nintendo 3DS/Spiele/Strategiespiele/Sports Management"
537249031;"Games/Plattformen/Nintendo 3DS/Spiele/Strategiespiele"
537224031;"Games/Plattformen/Nintendo 3DS/Spiele/Tierspiele"
537207031;"Games/Plattformen/Nintendo 3DS/Spiele/Visual Novels"
537213031;"Games/Plattformen/Nintendo 3DS/Spiele/Wimmelbildspiele"
537200031;"Games/Plattformen/Nintendo 3DS/Spiele"
537190031;"Games/Plattformen/Nintendo 3DS/Zubehör/Netzteile, Akkus & Ladegeräte"
687967031;"Games/Plattformen/Nintendo 3DS/Zubehör/Displayschutz"
537194031;"Games/Plattformen/Nintendo 3DS/Zubehör/Headsets & Kopfhörer"
537191031;"Games/Plattformen/Nintendo 3DS/Zubehör/Kabel & Adapter"
537196031;"Games/Plattformen/Nintendo 3DS/Zubehör/Networking"
537193031;"Games/Plattformen/Nintendo 3DS/Zubehör/Schutzhüllen"
537197031;"Games/Plattformen/Nintendo 3DS/Zubehör/Skins"
537195031;"Games/Plattformen/Nintendo 3DS/Zubehör/Speicherkarten"
537192031;"Games/Plattformen/Nintendo 3DS/Zubehör/Taschen & Aufbewahrung"
537198031;"Games/Plattformen/Nintendo 3DS/Zubehör/Touchpen & Stylus"
537189031;"Games/Plattformen/Nintendo 3DS/Zubehör/Zubehörsets"
537188031;"Games/Plattformen/Nintendo 3DS/Zubehör"
537187031;"Games/Plattformen/Nintendo 3DS"
345134031;"Games/Plattformen/Nintendo DS/Konsolen"
16025831;"Games/Plattformen/Nintendo DS/Spiele/Actionspiele"
16025801;"Games/Plattformen/Nintendo DS/Spiele/Adventures & Rollenspiele"
434001031;"Games/Plattformen/Nintendo DS/Spiele/Denk- & Logikspiele"
16025791;"Games/Plattformen/Nintendo DS/Spiele/Fun-Games"
16025811;"Games/Plattformen/Nintendo DS/Spiele/Jump & Runs"
16025821;"Games/Plattformen/Nintendo DS/Spiele/Rennspiele"
16025841;"Games/Plattformen/Nintendo DS/Spiele/Sportspiele"
16025781;"Games/Plattformen/Nintendo DS/Spiele/Strategiespiele & Simulationen"
428502031;"Games/Plattformen/Nintendo DS/Spiele/Wimmelbildspiele"
1478850031;"Games/Plattformen/Nintendo DS/Spiele"
16025911;"Games/Plattformen/Nintendo DS/Zubehör/Zubehör für Nintendo DS/Akkus & Ladegeräte"
16025871;"Games/Plattformen/Nintendo DS/Zubehör/Zubehör für Nintendo DS/Aufbewahrung"
16025861;"Games/Plattformen/Nintendo DS/Zubehör/Zubehör für Nintendo DS/Displayschutz & Stylus"
16025891;"Games/Plattformen/Nintendo DS/Zubehör/Zubehör für Nintendo DS/Kabel & Adapter"
16025901;"Games/Plattformen/Nintendo DS/Zubehör/Zubehör für Nintendo DS/Kopfhörer"
271371011;"Games/Plattformen/Nintendo DS/Zubehör/Zubehör für Nintendo DS/Modding Skins"
16025881;"Games/Plattformen/Nintendo DS/Zubehör/Zubehör für Nintendo DS/Zubehörsammlung"
354894011;"Games/Plattformen/Nintendo DS/Zubehör/Zubehör für Nintendo DS"
354895011;"Games/Plattformen/Nintendo DS/Zubehör/Zubehör für Nintendo DS Lite/Akkus & Ladegeräte"
317548031;"Games/Plattformen/Nintendo DS/Zubehör/Zubehör für Nintendo DS Lite/Displayschutz"
354899011;"Games/Plattformen/Nintendo DS/Zubehör/Zubehör für Nintendo DS Lite/Headsets & Kopfhörer"
354898011;"Games/Plattformen/Nintendo DS/Zubehör/Zubehör für Nintendo DS Lite/Kabel, Stecker & Adapter"
271372011;"Games/Plattformen/Nintendo DS/Zubehör/Zubehör für Nintendo DS Lite/Skins, Schutzhüllen & Faceplates"
354896011;"Games/Plattformen/Nintendo DS/Zubehör/Zubehör für Nintendo DS Lite/Taschen & Aufbewahrung"
354897011;"Games/Plattformen/Nintendo DS/Zubehör/Zubehör für Nintendo DS Lite/Touchpen & Stylus"
354900011;"Games/Plattformen/Nintendo DS/Zubehör/Zubehör für Nintendo DS Lite/Zubehörsammlung"
196892011;"Games/Plattformen/Nintendo DS/Zubehör/Zubehör für Nintendo DS Lite"
245844031;"Games/Plattformen/Nintendo DS/Zubehör/Zubehör für Nintendo DSi/Displayschutz"
317551031;"Games/Plattformen/Nintendo DS/Zubehör/Zubehör für Nintendo DSi/Headsets & Kopfhörer"
245845031;"Games/Plattformen/Nintendo DS/Zubehör/Zubehör für Nintendo DSi/Kabel, Stecker & Adapter"
245842031;"Games/Plattformen/Nintendo DS/Zubehör/Zubehör für Nintendo DSi/Netzteile, Akkus & Ladegeräte"
317552031;"Games/Plattformen/Nintendo DS/Zubehör/Zubehör für Nintendo DSi/Skins, Schutzhüllen & Faceplates"
245843031;"Games/Plattformen/Nintendo DS/Zubehör/Zubehör für Nintendo DSi/Taschen & Aufbewahrung"
317550031;"Games/Plattformen/Nintendo DS/Zubehör/Zubehör für Nintendo DSi/Touchpen & Stylus"
317553031;"Games/Plattformen/Nintendo DS/Zubehör/Zubehör für Nintendo DSi/Zubehörsets"
216019031;"Games/Plattformen/Nintendo DS/Zubehör/Zubehör für Nintendo DSi"
366937031;"Games/Plattformen/Nintendo DS/Zubehör/Zubehör für Nintendo DSi XL/Displayschutz"
1497237031;"Games/Plattformen/Nintendo DS/Zubehör/Zubehör für Nintendo DSi XL/Headsets & Kopfhörer"
1497238031;"Games/Plattformen/Nintendo DS/Zubehör/Zubehör für Nintendo DSi XL/Kabel, Stecker & Adapter"
1497239031;"Games/Plattformen/Nintendo DS/Zubehör/Zubehör für Nintendo DSi XL/Netzteile, Akkus & Ladegeräte"
366941031;"Games/Plattformen/Nintendo DS/Zubehör/Zubehör für Nintendo DSi XL/Skins, Schutzhüllen & Faceplates"
366942031;"Games/Plattformen/Nintendo DS/Zubehör/Zubehör für Nintendo DSi XL/Taschen & Aufbewahrung"
1497240031;"Games/Plattformen/Nintendo DS/Zubehör/Zubehör für Nintendo DSi XL/Touchpen & Stylus"
366944031;"Games/Plattformen/Nintendo DS/Zubehör/Zubehör für Nintendo DSi XL/Zubehörsets"
366935031;"Games/Plattformen/Nintendo DS/Zubehör/Zubehör für Nintendo DSi XL"
13840391;"Games/Plattformen/Nintendo DS/Zubehör"
13840371;"Games/Plattformen/Nintendo DS"
13680581;"Games/Plattformen/PC/Hardware & Zubehör/Aufbewahrung"
605024;"Games/Plattformen/PC/Hardware & Zubehör/Gamepads"
605046;"Games/Plattformen/PC/Hardware & Zubehör/Gaming-Mäuse"
430253031;"Games/Plattformen/PC/Hardware & Zubehör/Gaming-Tastaturen"
315160031;"Games/Plattformen/PC/Hardware & Zubehör/Headsets & Kopfhörer"
605030;"Games/Plattformen/PC/Hardware & Zubehör/Joysticks"
605038;"Games/Plattformen/PC/Hardware & Zubehör/Lenkräder"
605048;"Games/Plattformen/PC/Hardware & Zubehör/Mauspads & Zubehör"
605052;"Games/Plattformen/PC/Hardware & Zubehör/Mehr Zubehör"
314514031;"Games/Plattformen/PC/Hardware & Zubehör/Musikinstrumente"
161213011;"Games/Plattformen/PC/Hardware & Zubehör/Nach Hersteller/Bigben"
1091878;"Games/Plattformen/PC/Hardware & Zubehör/Nach Hersteller/Logic 3"
1091872;"Games/Plattformen/PC/Hardware & Zubehör/Nach Hersteller/Logitech"
1091870;"Games/Plattformen/PC/Hardware & Zubehör/Nach Hersteller/Microsoft"
236084011;"Games/Plattformen/PC/Hardware & Zubehör/Nach Hersteller/Pebble Entertainment"
1091876;"Games/Plattformen/PC/Hardware & Zubehör/Nach Hersteller/Saitek"
1091874;"Games/Plattformen/PC/Hardware & Zubehör/Nach Hersteller/Thrustmaster"
1091868;"Games/Plattformen/PC/Hardware & Zubehör/Nach Hersteller"
13680591;"Games/Plattformen/PC/Hardware & Zubehör/Spezial-Controller"
643172;"Games/Plattformen/PC/Hardware & Zubehör"
403294;"Games/Plattformen/PC/Spiele/Actionspiele/3D-Shooter/Ego-Shooter"
549964;"Games/Plattformen/PC/Spiele/Actionspiele/3D-Shooter/Half-Life"
549962;"Games/Plattformen/PC/Spiele/Actionspiele/3D-Shooter/Taktik-Shooter"
549966;"Games/Plattformen/PC/Spiele/Actionspiele/3D-Shooter/Unreal"
549960;"Games/Plattformen/PC/Spiele/Actionspiele/3D-Shooter"
549968;"Games/Plattformen/PC/Spiele/Adventures & Rollenspiele/Action-Adventures"
699684;"Games/Plattformen/PC/Spiele/Rennspiele/Action-Rennspiele"
403298;"Games/Plattformen/PC/Spiele/Actionspiele/Actionspiele"
1027144;"Games/Plattformen/PC/Spiele/Actionspiele/Budget-Actionspiele/Unter 10 EUR"
1027146;"Games/Plattformen/PC/Spiele/Actionspiele/Budget-Actionspiele/Unter 15 EUR"
1027148;"Games/Plattformen/PC/Spiele/Actionspiele/Budget-Actionspiele/Unter 20 EUR"
1027150;"Games/Plattformen/PC/Spiele/Actionspiele/Budget-Actionspiele/Unter 25 EUR"
1027142;"Games/Plattformen/PC/Spiele/Actionspiele/Budget-Actionspiele"
403292;"Games/Plattformen/PC/Spiele/Actionspiele"
549968;"Games/Plattformen/PC/Spiele/Adventures & Rollenspiele/Action-Adventures"
403296;"Games/Plattformen/PC/Spiele/Adventures & Rollenspiele/Adventures"
1027154;"Games/Plattformen/PC/Spiele/Adventures & Rollenspiele/Budget Adventures & Rollenspiele/Unter 10 EUR"
1027156;"Games/Plattformen/PC/Spiele/Adventures & Rollenspiele/Budget Adventures & Rollenspiele/Unter 15 EUR"
1027158;"Games/Plattformen/PC/Spiele/Adventures & Rollenspiele/Budget Adventures & Rollenspiele/Unter 20 EUR"
1027160;"Games/Plattformen/PC/Spiele/Adventures & Rollenspiele/Budget Adventures & Rollenspiele/Unter 25 EUR"
1027152;"Games/Plattformen/PC/Spiele/Adventures & Rollenspiele/Budget Adventures & Rollenspiele"
914948;"Games/Plattformen/PC/Spiele/Adventures & Rollenspiele/Myst"
239323011;"Games/Plattformen/PC/Spiele/Adventures & Rollenspiele/Online Rollenspiele/Spiele"
239324011;"Games/Plattformen/PC/Spiele/Adventures & Rollenspiele/Online Rollenspiele/Zubehör"
694780;"Games/Plattformen/PC/Spiele/Adventures & Rollenspiele/Online Rollenspiele"
694778;"Games/Plattformen/PC/Spiele/Adventures & Rollenspiele/Rollenspiele"
694776;"Games/Plattformen/PC/Spiele/Adventures & Rollenspiele/Tomb Raider"
428500031;"Games/Plattformen/PC/Spiele/Fun- & Gesellschaftsspiele/Wimmelbildspiele"
403356;"Games/Plattformen/PC/Spiele/Adventures & Rollenspiele"
1035214;"Games/Plattformen/PC/Spiele/Budget-Spiele/Unter 10 EUR/Alle Spiele unter 10 EUR"
1027144;"Games/Plattformen/PC/Spiele/Actionspiele/Budget-Actionspiele/Unter 10 EUR"
1027154;"Games/Plattformen/PC/Spiele/Adventures & Rollenspiele/Budget Adventures & Rollenspiele/Unter 10 EUR"
1027164;"Games/Plattformen/PC/Spiele/Fun- & Gesellschaftsspiele/Budget Fun- & Gesellschaftsspiele/Unter 10 EUR"
1027192;"Games/Plattformen/PC/Spiele/Simulationen/Budget-Simulationen/Unter 10 EUR"
1027200;"Games/Plattformen/PC/Spiele/Spielesammlungen/Unter 10 EUR"
1027220;"Games/Plattformen/PC/Spiele/Strategiespiele/Budget-Strategiespiele/Unter 10 EUR"
1027230;"Games/Plattformen/PC/Spiele/Budget-Spiele/Unter 10 EUR"
1035216;"Games/Plattformen/PC/Spiele/Budget-Spiele/Unter 15 EUR/Alle Spiele unter 15 EUR"
1027146;"Games/Plattformen/PC/Spiele/Actionspiele/Budget-Actionspiele/Unter 15 EUR"
1027156;"Games/Plattformen/PC/Spiele/Adventures & Rollenspiele/Budget Adventures & Rollenspiele/Unter 15 EUR"
1027166;"Games/Plattformen/PC/Spiele/Fun- & Gesellschaftsspiele/Budget Fun- & Gesellschaftsspiele/Unter 15 EUR"
1027194;"Games/Plattformen/PC/Spiele/Simulationen/Budget-Simulationen/Unter 15 EUR"
1027202;"Games/Plattformen/PC/Spiele/Spielesammlungen/Unter 15 EUR"
1027222;"Games/Plattformen/PC/Spiele/Strategiespiele/Budget-Strategiespiele/Unter 15 EUR"
1027232;"Games/Plattformen/PC/Spiele/Budget-Spiele/Unter 15 EUR"
1035218;"Games/Plattformen/PC/Spiele/Budget-Spiele/Unter 20 EUR/Alle Spiele unter 20 EUR"
1027148;"Games/Plattformen/PC/Spiele/Actionspiele/Budget-Actionspiele/Unter 20 EUR"
1027158;"Games/Plattformen/PC/Spiele/Adventures & Rollenspiele/Budget Adventures & Rollenspiele/Unter 20 EUR"
1027168;"Games/Plattformen/PC/Spiele/Fun- & Gesellschaftsspiele/Budget Fun- & Gesellschaftsspiele/Unter 20 EUR"
1027196;"Games/Plattformen/PC/Spiele/Simulationen/Budget-Simulationen/Unter 20 EUR"
1027204;"Games/Plattformen/PC/Spiele/Spielesammlungen/Unter 20 EUR"
1027224;"Games/Plattformen/PC/Spiele/Strategiespiele/Budget-Strategiespiele/Unter 20 EUR"
1027234;"Games/Plattformen/PC/Spiele/Budget-Spiele/Unter 20 EUR"
1035220;"Games/Plattformen/PC/Spiele/Budget-Spiele/Unter 25 EUR/Alle Spiele unter 25 EUR"
1027150;"Games/Plattformen/PC/Spiele/Actionspiele/Budget-Actionspiele/Unter 25 EUR"
1027160;"Games/Plattformen/PC/Spiele/Adventures & Rollenspiele/Budget Adventures & Rollenspiele/Unter 25 EUR"
1027170;"Games/Plattformen/PC/Spiele/Fun- & Gesellschaftsspiele/Budget Fun- & Gesellschaftsspiele/Unter 25 EUR"
1027198;"Games/Plattformen/PC/Spiele/Simulationen/Budget-Simulationen/Unter 25 EUR"
1027206;"Games/Plattformen/PC/Spiele/Spielesammlungen/Unter 25 EUR"
1027226;"Games/Plattformen/PC/Spiele/Strategiespiele/Budget-Strategiespiele/Unter 25 EUR"
1027236;"Games/Plattformen/PC/Spiele/Budget-Spiele/Unter 25 EUR"
1027228;"Games/Plattformen/PC/Spiele/Budget-Spiele"
13326381;"Games/Plattformen/PC/Spiele/Fun- & Gesellschaftsspiele/Brett- & Kartenspiele/Doppelkopf"
13326351;"Games/Plattformen/PC/Spiele/Fun- & Gesellschaftsspiele/Brett- & Kartenspiele/Mahjongg"
13326401;"Games/Plattformen/PC/Spiele/Fun- & Gesellschaftsspiele/Brett- & Kartenspiele/Mehr Brett- & Kartenspiele"
353679011;"Games/Plattformen/PC/Spiele/Fun- & Gesellschaftsspiele/Brett- & Kartenspiele/Poker"
13326371;"Games/Plattformen/PC/Spiele/Fun- & Gesellschaftsspiele/Brett- & Kartenspiele/Skat"
13326361;"Games/Plattformen/PC/Spiele/Fun- & Gesellschaftsspiele/Brett- & Kartenspiele/Solitaire & Patiencen"
135744011;"Games/Plattformen/PC/Spiele/Fun- & Gesellschaftsspiele/Brett- & Kartenspiele/Sudoku"
198654031;"Games/Plattformen/PC/Spiele/Fun- & Gesellschaftsspiele/Brett- & Kartenspiele/General AAS"
403344;"Games/Plattformen/PC/Spiele/Fun- & Gesellschaftsspiele/Brett- & Kartenspiele"
1027164;"Games/Plattformen/PC/Spiele/Fun- & Gesellschaftsspiele/Budget Fun- & Gesellschaftsspiele/Unter 10 EUR"
1027166;"Games/Plattformen/PC/Spiele/Fun- & Gesellschaftsspiele/Budget Fun- & Gesellschaftsspiele/Unter 15 EUR"
1027168;"Games/Plattformen/PC/Spiele/Fun- & Gesellschaftsspiele/Budget Fun- & Gesellschaftsspiele/Unter 20 EUR"
1027170;"Games/Plattformen/PC/Spiele/Fun- & Gesellschaftsspiele/Budget Fun- & Gesellschaftsspiele/Unter 25 EUR"
1027162;"Games/Plattformen/PC/Spiele/Fun- & Gesellschaftsspiele/Budget Fun- & Gesellschaftsspiele"
434000031;"Games/Plattformen/PC/Spiele/Fun- & Gesellschaftsspiele/Denk- & Logikspiele"
403332;"Games/Plattformen/PC/Spiele/Fun- & Gesellschaftsspiele/Flipperspiele"
403338;"Games/Plattformen/PC/Spiele/Fun- & Gesellschaftsspiele/Fun-Games"
403342;"Games/Plattformen/PC/Spiele/Fun- & Gesellschaftsspiele/Geschicklichkeitsspiele"
697806;"Games/Plattformen/PC/Spiele/Fun- & Gesellschaftsspiele/Hugo"
697804;"Games/Plattformen/PC/Spiele/Fun- & Gesellschaftsspiele/Moorhuhn"
13326391;"Games/Plattformen/PC/Spiele/Fun- & Gesellschaftsspiele/Puzzles"
549974;"Games/Plattformen/PC/Spiele/Fun- & Gesellschaftsspiele/Quizspiele"
13326311;"Games/Plattformen/PC/Spiele/Fun- & Gesellschaftsspiele/Schachspiele/Chessmaster"
13326321;"Games/Plattformen/PC/Spiele/Fun- & Gesellschaftsspiele/Schachspiele/Fritz"
13326341;"Games/Plattformen/PC/Spiele/Fun- & Gesellschaftsspiele/Schachspiele/Mehr Schachspiele"
13326331;"Games/Plattformen/PC/Spiele/Fun- & Gesellschaftsspiele/Schachspiele/Shredder"
540972;"Games/Plattformen/PC/Spiele/Fun- & Gesellschaftsspiele/Schachspiele"
549976;"Games/Plattformen/PC/Spiele/Fun- & Gesellschaftsspiele/TV-Umsetzungen"
428500031;"Games/Plattformen/PC/Spiele/Fun- & Gesellschaftsspiele/Wimmelbildspiele"
403322;"Games/Plattformen/PC/Spiele/Fun- & Gesellschaftsspiele"
403348;"Games/Plattformen/PC/Spiele/Jump & Runs"
699684;"Games/Plattformen/PC/Spiele/Rennspiele/Action-Rennspiele"
550006;"Games/Plattformen/PC/Spiele/Sportspiele/Motorsport/Formel 1"
550012;"Games/Plattformen/PC/Spiele/Rennspiele/Fun-Racer"
550010;"Games/Plattformen/PC/Spiele/Sportspiele/Motorsport/Motorrad"
699686;"Games/Plattformen/PC/Spiele/Rennspiele/Need for Speed"
550008;"Games/Plattformen/PC/Spiele/Sportspiele/Motorsport/Rallye"
468086;"Games/Plattformen/PC/Spiele/Rennspiele/Mehr Rennspiele"
403354;"Games/Plattformen/PC/Spiele/Rennspiele"
549982;"Games/Plattformen/PC/Spiele/Simulationen/Aufbau- & Wirtschaftssimulationen/Civilization"
549984;"Games/Plattformen/PC/Spiele/Simulationen/Aufbau- & Wirtschaftssimulationen/Die Siedler"
549986;"Games/Plattformen/PC/Spiele/Simulationen/Aufbau- & Wirtschaftssimulationen/Sim City"
549998;"Games/Plattformen/PC/Spiele/Simulationen/Aufbau- & Wirtschaftssimulationen/Sport-Managerspiele"
403430;"Games/Plattformen/PC/Spiele/Simulationen/Aufbau- & Wirtschaftssimulationen/Mehr Wirtschaftssimulationen"
549980;"Games/Plattformen/PC/Spiele/Simulationen/Aufbau- & Wirtschaftssimulationen"
365231031;"Games/Plattformen/PC/Spiele/Simulationen/Fahrzeug- & Techniksimulationen"
403334;"Games/Plattformen/PC/Spiele/Simulationen/Flugsimulationen"
403350;"Games/Plattformen/PC/Spiele/Simulationen/Mehr Simulationen"
1027192;"Games/Plattformen/PC/Spiele/Simulationen/Budget-Simulationen/Unter 10 EUR"
1027194;"Games/Plattformen/PC/Spiele/Simulationen/Budget-Simulationen/Unter 15 EUR"
1027196;"Games/Plattformen/PC/Spiele/Simulationen/Budget-Simulationen/Unter 20 EUR"
1027198;"Games/Plattformen/PC/Spiele/Simulationen/Budget-Simulationen/Unter 25 EUR"
1027190;"Games/Plattformen/PC/Spiele/Simulationen/Budget-Simulationen"
863814;"Games/Plattformen/PC/Spiele/Simulationen/Die Sims"
826516;"Games/Plattformen/PC/Spiele/Simulationen/Microsoft Flight Simulator"
826518;"Games/Plattformen/PC/Spiele/Simulationen/Microsoft Train Simulator"
403326;"Games/Plattformen/PC/Spiele/Simulationen"
1027200;"Games/Plattformen/PC/Spiele/Spielesammlungen/Unter 10 EUR"
1027202;"Games/Plattformen/PC/Spiele/Spielesammlungen/Unter 15 EUR"
1027204;"Games/Plattformen/PC/Spiele/Spielesammlungen/Unter 20 EUR"
1027206;"Games/Plattformen/PC/Spiele/Spielesammlungen/Unter 25 EUR"
1035492;"Games/Plattformen/PC/Spiele/Spielesammlungen/Ab 25 EUR"
549988;"Games/Plattformen/PC/Spiele/Spielesammlungen/Alle Spielesammlungen"
1027140;"Games/Plattformen/PC/Spiele/Spielesammlungen"
550000;"Games/Plattformen/PC/Spiele/Sportspiele/Basketball"
550002;"Games/Plattformen/PC/Spiele/Sportspiele/Boxen"
403330;"Games/Plattformen/PC/Spiele/Sportspiele/Eishockey"
403340;"Games/Plattformen/PC/Spiele/Sportspiele/Fußball"
403346;"Games/Plattformen/PC/Spiele/Sportspiele/Golf"
550006;"Games/Plattformen/PC/Spiele/Sportspiele/Motorsport/Formel 1"
550010;"Games/Plattformen/PC/Spiele/Sportspiele/Motorsport/Motorrad"
550008;"Games/Plattformen/PC/Spiele/Sportspiele/Motorsport/Rallye"
550004;"Games/Plattformen/PC/Spiele/Sportspiele/Motorsport"
403364;"Games/Plattformen/PC/Spiele/Sportspiele/Tennis"
549998;"Games/Plattformen/PC/Spiele/Simulationen/Aufbau- & Wirtschaftssimulationen/Sport-Managerspiele"
403360;"Games/Plattformen/PC/Spiele/Sportspiele/Mehr Sportspiele"
403300;"Games/Plattformen/PC/Spiele/Sportspiele"
1008170;"Games/Plattformen/PC/Spiele/Strategiespiele/Fantasy-Strategiespiele"
550018;"Games/Plattformen/PC/Spiele/Strategiespiele/Kriegsstrategiespiele"
550016;"Games/Plattformen/PC/Spiele/Strategiespiele/Science Fiction-Strategiespiele"
403362;"Games/Plattformen/PC/Spiele/Strategiespiele/Mehr Strategiespiele"
550022;"Games/Plattformen/PC/Spiele/Strategiespiele/Age of Empires"
1027220;"Games/Plattformen/PC/Spiele/Strategiespiele/Budget-Strategiespiele/Unter 10 EUR"
1027222;"Games/Plattformen/PC/Spiele/Strategiespiele/Budget-Strategiespiele/Unter 15 EUR"
1027224;"Games/Plattformen/PC/Spiele/Strategiespiele/Budget-Strategiespiele/Unter 20 EUR"
1027226;"Games/Plattformen/PC/Spiele/Strategiespiele/Budget-Strategiespiele/Unter 25 EUR"
1027218;"Games/Plattformen/PC/Spiele/Strategiespiele/Budget-Strategiespiele"
550026;"Games/Plattformen/PC/Spiele/Strategiespiele/Command & Conquer"
550024;"Games/Plattformen/PC/Spiele/Strategiespiele/Heroes of Might & Magic"
550014;"Games/Plattformen/PC/Spiele/Strategiespiele"
1478865031;"Games/Plattformen/PC/Spiele"
301129;"Games/Plattformen/PC"
913988;"Games/Plattformen/PlayStation 2/Konsolen"
565510;"Games/Plattformen/PlayStation 2/Spiele/Adventures & Rollenspiele/Action-Adventures"
516842;"Games/Plattformen/PlayStation 2/Spiele/Actionspiele/Actionspiele"
516840;"Games/Plattformen/PlayStation 2/Spiele/Actionspiele"
565510;"Games/Plattformen/PlayStation 2/Spiele/Adventures & Rollenspiele/Action-Adventures"
516846;"Games/Plattformen/PlayStation 2/Spiele/Adventures & Rollenspiele/Adventures"
540980;"Games/Plattformen/PlayStation 2/Spiele/Adventures & Rollenspiele/Rollenspiele"
699698;"Games/Plattformen/PlayStation 2/Spiele/Adventures & Rollenspiele"
384256011;"Games/Plattformen/PlayStation 2/Spiele/Buzz & Buzz Junior/Buzz"
384257011;"Games/Plattformen/PlayStation 2/Spiele/Buzz & Buzz Junior/Buzz Junior"
384255011;"Games/Plattformen/PlayStation 2/Spiele/Buzz & Buzz Junior"
14092571;"Games/Plattformen/PlayStation 2/Spiele/EyeToys"
13378021;"Games/Plattformen/PlayStation 2/Spiele/Fun- & Gesellschaftsspiele/Fun-Games"
13378031;"Games/Plattformen/PlayStation 2/Spiele/Fun- & Gesellschaftsspiele/Musikspiele"
516850;"Games/Plattformen/PlayStation 2/Spiele/Fun- & Gesellschaftsspiele"
516844;"Games/Plattformen/PlayStation 2/Spiele/Jump & Runs"
12975931;"Games/Plattformen/PlayStation 2/Spiele/Online-Spiele"
911948;"Games/Plattformen/PlayStation 2/Spiele/Platinum-Serie"
516848;"Games/Plattformen/PlayStation 2/Spiele/Rennspiele"
516852;"Games/Plattformen/PlayStation 2/Spiele/Simulationen"
238406011;"Games/Plattformen/PlayStation 2/Spiele/SingStar"
516854;"Games/Plattformen/PlayStation 2/Spiele/Sportspiele"
701162;"Games/Plattformen/PlayStation 2/Spiele/Strategiespiele"
1478863031;"Games/Plattformen/PlayStation 2/Spiele"
701118;"Games/Plattformen/PlayStation 2/Zubehör/Controller & Gamepads"
701112;"Games/Plattformen/PlayStation 2/Zubehör/Fernbedienungen"
701120;"Games/Plattformen/PlayStation 2/Zubehör/Hubs & Multitaps"
701106;"Games/Plattformen/PlayStation 2/Zubehör/Kabel, Stecker & Adapter"
701114;"Games/Plattformen/PlayStation 2/Zubehör/Lenkräder"
701122;"Games/Plattformen/PlayStation 2/Zubehör/Mehr Zubehör"
701108;"Games/Plattformen/PlayStation 2/Zubehör/Memorykarten"
317546031;"Games/Plattformen/PlayStation 2/Zubehör/Musikinstrumente"
1091882;"Games/Plattformen/PlayStation 2/Zubehör/Nach Hersteller/Originalzubehör von Sony"
1091884;"Games/Plattformen/PlayStation 2/Zubehör/Nach Hersteller/Bigben"
16278211;"Games/Plattformen/PlayStation 2/Zubehör/Nach Hersteller/Dolphin"
1091892;"Games/Plattformen/PlayStation 2/Zubehör/Nach Hersteller/Guillemot"
3003871;"Games/Plattformen/PlayStation 2/Zubehör/Nach Hersteller/Joytech"
1091890;"Games/Plattformen/PlayStation 2/Zubehör/Nach Hersteller/Logic 3"
1091896;"Games/Plattformen/PlayStation 2/Zubehör/Nach Hersteller/Logitech"
16243661;"Games/Plattformen/PlayStation 2/Zubehör/Nach Hersteller/MaDrics"
3098081;"Games/Plattformen/PlayStation 2/Zubehör/Nach Hersteller/Mad Catz"
1091886;"Games/Plattformen/PlayStation 2/Zubehör/Nach Hersteller/NBG"
1091888;"Games/Plattformen/PlayStation 2/Zubehör/Nach Hersteller/Saitek"
3098091;"Games/Plattformen/PlayStation 2/Zubehör/Nach Hersteller/Thrustmaster"
1091894;"Games/Plattformen/PlayStation 2/Zubehör/Nach Hersteller/Vidis"
1091880;"Games/Plattformen/PlayStation 2/Zubehör/Nach Hersteller"
271373011;"Games/Plattformen/PlayStation 2/Zubehör/Skins, Schutzhüllen & Faceplates"
701110;"Games/Plattformen/PlayStation 2/Zubehör/Speicherkarten & Schummelmodule"
701116;"Games/Plattformen/PlayStation 2/Zubehör/Standfüße & Halterungen"
317547031;"Games/Plattformen/PlayStation 2/Zubehör/Taschen & Aufbewahrung"
516856;"Games/Plattformen/PlayStation 2/Zubehör"
516838;"Games/Plattformen/PlayStation 2"
353768011;"Games/Plattformen/PlayStation 3/Konsolen"
353770011;"Games/Plattformen/PlayStation 3/Spiele/Actionspiele"
353771011;"Games/Plattformen/PlayStation 3/Spiele/Adventures & Rollenspiele"
353772011;"Games/Plattformen/PlayStation 3/Spiele/Rennspiele"
353773011;"Games/Plattformen/PlayStation 3/Spiele/Shooter"
336130011;"Games/Plattformen/PlayStation 3/Spiele/Spiele von Sony"
353774011;"Games/Plattformen/PlayStation 3/Spiele/Sportspiele"
1501963031;"Games/Plattformen/PlayStation 3/Spiele/Strategiespiele"
195014011;"Games/Plattformen/PlayStation 3/Spiele"
353993011;"Games/Plattformen/PlayStation 3/Zubehör/Alle PlayStation 3-Zubehörartikel"
353766011;"Games/Plattformen/PlayStation 3/Zubehör/Controller & Gamepads"
353769011;"Games/Plattformen/PlayStation 3/Zubehör/Fernbedienungen"
317545031;"Games/Plattformen/PlayStation 3/Zubehör/Festplatten"
317543031;"Games/Plattformen/PlayStation 3/Zubehör/Headsets & Kopfhörer"
353767011;"Games/Plattformen/PlayStation 3/Zubehör/Kabel, Stecker & Adapter"
317541031;"Games/Plattformen/PlayStation 3/Zubehör/Lenkräder"
317542031;"Games/Plattformen/PlayStation 3/Zubehör/Musikinstrumente"
317540031;"Games/Plattformen/PlayStation 3/Zubehör/Netzteile, Akkus & Ladegeräte"
336131011;"Games/Plattformen/PlayStation 3/Zubehör/Originalzubehör von Sony"
317544031;"Games/Plattformen/PlayStation 3/Zubehör/Skins, Schutzhüllen & Faceplates"
195013011;"Games/Plattformen/PlayStation 3/Zubehör"
195012011;"Games/Plattformen/PlayStation 3"
345135031;"Games/Plattformen/PlayStation Portable/Konsolen"
15897401;"Games/Plattformen/PlayStation Portable/Spiele/Actionspiele"
15897381;"Games/Plattformen/PlayStation Portable/Spiele/Adventures & Rollenspiele"
15897391;"Games/Plattformen/PlayStation Portable/Spiele/Fun-Games"
15897411;"Games/Plattformen/PlayStation Portable/Spiele/Jump & Runs"
238258011;"Games/Plattformen/PlayStation Portable/Spiele/Platinum-Serie"
15897361;"Games/Plattformen/PlayStation Portable/Spiele/Rennspiele"
15897371;"Games/Plattformen/PlayStation Portable/Spiele/Sportspiele"
15897421;"Games/Plattformen/PlayStation Portable/Spiele/Strategiespiele & Simulationen"
1478860031;"Games/Plattformen/PlayStation Portable/Spiele"
15897451;"Games/Plattformen/PlayStation Portable/Zubehör/Zubehör für PlayStation Portable/Akkus & Ladegeräte"
15897491;"Games/Plattformen/PlayStation Portable/Zubehör/Zubehör für PlayStation Portable/Aufbewahrung"
15897501;"Games/Plattformen/PlayStation Portable/Zubehör/Zubehör für PlayStation Portable/Displayschutz"
15897471;"Games/Plattformen/PlayStation Portable/Zubehör/Zubehör für PlayStation Portable/Kabel & Adapter"
15897461;"Games/Plattformen/PlayStation Portable/Zubehör/Zubehör für PlayStation Portable/Lautsprecher & Kopfhörer"
15897431;"Games/Plattformen/PlayStation Portable/Zubehör/Zubehör für PlayStation Portable/Memorysticks"
15897441;"Games/Plattformen/PlayStation Portable/Zubehör/Zubehör für PlayStation Portable/Schummelmodule"
15407361;"Games/Plattformen/PlayStation Portable/Zubehör/Zubehör für PlayStation Portable/Zubehör nach Hersteller/Originalzubehör von Sony"
15407391;"Games/Plattformen/PlayStation Portable/Zubehör/Zubehör für PlayStation Portable/Zubehör nach Hersteller/Bigben"
16278221;"Games/Plattformen/PlayStation Portable/Zubehör/Zubehör für PlayStation Portable/Zubehör nach Hersteller/Dolphin"
15407381;"Games/Plattformen/PlayStation Portable/Zubehör/Zubehör für PlayStation Portable/Zubehör nach Hersteller/Logic3"
15407371;"Games/Plattformen/PlayStation Portable/Zubehör/Zubehör für PlayStation Portable/Zubehör nach Hersteller/Logitech"
15407411;"Games/Plattformen/PlayStation Portable/Zubehör/Zubehör für PlayStation Portable/Zubehör nach Hersteller/MaDrics"
15407421;"Games/Plattformen/PlayStation Portable/Zubehör/Zubehör für PlayStation Portable/Zubehör nach Hersteller/MadCatz"
236087011;"Games/Plattformen/PlayStation Portable/Zubehör/Zubehör für PlayStation Portable/Zubehör nach Hersteller/Pebble Entertainment"
15407401;"Games/Plattformen/PlayStation Portable/Zubehör/Zubehör für PlayStation Portable/Zubehör nach Hersteller/Vidis"
15407351;"Games/Plattformen/PlayStation Portable/Zubehör/Zubehör für PlayStation Portable/Zubehör nach Hersteller"
15897481;"Games/Plattformen/PlayStation Portable/Zubehör/Zubehör für PlayStation Portable/Zubehörsammlung"
384273011;"Games/Plattformen/PlayStation Portable/Zubehör/Zubehör für PlayStation Portable"
384277011;"Games/Plattformen/PlayStation Portable/Zubehör/Zubehör für PlayStation Portable Slim&Lite/Displayschutz"
384278011;"Games/Plattformen/PlayStation Portable/Zubehör/Zubehör für PlayStation Portable Slim&Lite/Kabel, Stecker & Adapter"
317536031;"Games/Plattformen/PlayStation Portable/Zubehör/Zubehör für PlayStation Portable Slim&Lite/Netzteile, Akkus & Ladegeräte"
317537031;"Games/Plattformen/PlayStation Portable/Zubehör/Zubehör für PlayStation Portable Slim&Lite/Skins, Schutzhüllen & Faceplates"
384282011;"Games/Plattformen/PlayStation Portable/Zubehör/Zubehör für PlayStation Portable Slim&Lite/Speicherkarten & Schummelmodule"
317538031;"Games/Plattformen/PlayStation Portable/Zubehör/Zubehör für PlayStation Portable Slim&Lite/Standfüße & Halterungen"
384276011;"Games/Plattformen/PlayStation Portable/Zubehör/Zubehör für PlayStation Portable Slim&Lite/Taschen & Aufbewahrung"
317539031;"Games/Plattformen/PlayStation Portable/Zubehör/Zubehör für PlayStation Portable Slim&Lite/Zubehörsets"
384274011;"Games/Plattformen/PlayStation Portable/Zubehör/Zubehör für PlayStation Portable Slim&Lite"
14055591;"Games/Plattformen/PlayStation Portable/Zubehör"
14055571;"Games/Plattformen/PlayStation Portable"
1503688031;"Games/Plattformen/PlayStation Vita/Konsolen"
1503691031;"Games/Plattformen/PlayStation Vita/Spiele/Actionspiele/Action-Adventures"
1503692031;"Games/Plattformen/PlayStation Vita/Spiele/Actionspiele/Beat 'em Up"
1503693031;"Games/Plattformen/PlayStation Vita/Spiele/Actionspiele/Militär & Spionage"
1503694031;"Games/Plattformen/PlayStation Vita/Spiele/Actionspiele/Shooter"
1503690031;"Games/Plattformen/PlayStation Vita/Spiele/Actionspiele"
1503695031;"Games/Plattformen/PlayStation Vita/Spiele/Adventures"
1503696031;"Games/Plattformen/PlayStation Vita/Spiele/Brettspiele"
1503697031;"Games/Plattformen/PlayStation Vita/Spiele/Casinospiele"
1503698031;"Games/Plattformen/PlayStation Vita/Spiele/Dating-Simulationen"
1503699031;"Games/Plattformen/PlayStation Vita/Spiele/Denkspiele"
1503700031;"Games/Plattformen/PlayStation Vita/Spiele/Fitness & Ernährung"
1503701031;"Games/Plattformen/PlayStation Vita/Spiele/Hobby & Bildung"
1503702031;"Games/Plattformen/PlayStation Vita/Spiele/Jump & Runs"
1503703031;"Games/Plattformen/PlayStation Vita/Spiele/Kartenspiele"
1503705031;"Games/Plattformen/PlayStation Vita/Spiele/Musikspiele/Geschicklichkeitsspiele"
1503706031;"Games/Plattformen/PlayStation Vita/Spiele/Musikspiele/Instrumente spielen"
1503707031;"Games/Plattformen/PlayStation Vita/Spiele/Musikspiele/Singen"
1503708031;"Games/Plattformen/PlayStation Vita/Spiele/Musikspiele/Tanzen"
1503704031;"Games/Plattformen/PlayStation Vita/Spiele/Musikspiele"
1503709031;"Games/Plattformen/PlayStation Vita/Spiele/Quizspiele"
1503710031;"Games/Plattformen/PlayStation Vita/Spiele/Rennspiele"
1503711031;"Games/Plattformen/PlayStation Vita/Spiele/Rollenspiele"
1503713031;"Games/Plattformen/PlayStation Vita/Spiele/Simulationen/Berufs- & Lebenssimulationen"
1503714031;"Games/Plattformen/PlayStation Vita/Spiele/Simulationen/Fahrzeuge"
1503715031;"Games/Plattformen/PlayStation Vita/Spiele/Simulationen/Flugzeuge"
1503716031;"Games/Plattformen/PlayStation Vita/Spiele/Simulationen/Landwirtschaft"
1503717031;"Games/Plattformen/PlayStation Vita/Spiele/Simulationen/Roboter"
1503718031;"Games/Plattformen/PlayStation Vita/Spiele/Simulationen/Tierspiele"
1503719031;"Games/Plattformen/PlayStation Vita/Spiele/Simulationen/Züge"
1503712031;"Games/Plattformen/PlayStation Vita/Spiele/Simulationen"
1503721031;"Games/Plattformen/PlayStation Vita/Spiele/Sportspiele/American Football"
1503722031;"Games/Plattformen/PlayStation Vita/Spiele/Sportspiele/Angeln"
1503723031;"Games/Plattformen/PlayStation Vita/Spiele/Sportspiele/Baseball"
1503724031;"Games/Plattformen/PlayStation Vita/Spiele/Sportspiele/Basketball"
1503725031;"Games/Plattformen/PlayStation Vita/Spiele/Sportspiele/Billard & Snooker"
1503726031;"Games/Plattformen/PlayStation Vita/Spiele/Sportspiele/Boarding & Blading"
1503727031;"Games/Plattformen/PlayStation Vita/Spiele/Sportspiele/Boxen & Kampfsport"
1503728031;"Games/Plattformen/PlayStation Vita/Spiele/Sportspiele/Cricket"
1503729031;"Games/Plattformen/PlayStation Vita/Spiele/Sportspiele/Darts"
1503730031;"Games/Plattformen/PlayStation Vita/Spiele/Sportspiele/Eishockey"
1503731031;"Games/Plattformen/PlayStation Vita/Spiele/Sportspiele/Fußball"
1503732031;"Games/Plattformen/PlayStation Vita/Spiele/Sportspiele/Golf"
1503733031;"Games/Plattformen/PlayStation Vita/Spiele/Sportspiele/Jagen"
1503734031;"Games/Plattformen/PlayStation Vita/Spiele/Sportspiele/Kegeln & Bowling"
1503735031;"Games/Plattformen/PlayStation Vita/Spiele/Sportspiele/Multisportspiele"
1503736031;"Games/Plattformen/PlayStation Vita/Spiele/Sportspiele/Rugby"
1503737031;"Games/Plattformen/PlayStation Vita/Spiele/Sportspiele/Ski & Snowboard"
1503738031;"Games/Plattformen/PlayStation Vita/Spiele/Sportspiele/Tennis"
1503739031;"Games/Plattformen/PlayStation Vita/Spiele/Sportspiele/Wrestling"
1503720031;"Games/Plattformen/PlayStation Vita/Spiele/Sportspiele"
1503741031;"Games/Plattformen/PlayStation Vita/Spiele/Strategiespiele/Aufbaustrategie"
1503742031;"Games/Plattformen/PlayStation Vita/Spiele/Strategiespiele/Fantasy"
1503743031;"Games/Plattformen/PlayStation Vita/Spiele/Strategiespiele/Historische Strategiespiele"
1503744031;"Games/Plattformen/PlayStation Vita/Spiele/Strategiespiele/Militär"
1503745031;"Games/Plattformen/PlayStation Vita/Spiele/Strategiespiele/Science Fiction"
1503746031;"Games/Plattformen/PlayStation Vita/Spiele/Strategiespiele/Sport-Management"
1503740031;"Games/Plattformen/PlayStation Vita/Spiele/Strategiespiele"
1503747031;"Games/Plattformen/PlayStation Vita/Spiele/Wimmelbildspiele"
1503689031;"Games/Plattformen/PlayStation Vita/Spiele"
1503749031;"Games/Plattformen/PlayStation Vita/Zubehör/Adapter"
1503750031;"Games/Plattformen/PlayStation Vita/Zubehör/Akkus"
1503751031;"Games/Plattformen/PlayStation Vita/Zubehör/Displayschutz"
1503752031;"Games/Plattformen/PlayStation Vita/Zubehör/Kabel"
1503753031;"Games/Plattformen/PlayStation Vita/Zubehör/Kopfhörer"
1503754031;"Games/Plattformen/PlayStation Vita/Zubehör/Ladegeräte"
1503755031;"Games/Plattformen/PlayStation Vita/Zubehör/Lautsprecher"
1503756031;"Games/Plattformen/PlayStation Vita/Zubehör/Netzteile"
1503757031;"Games/Plattformen/PlayStation Vita/Zubehör/Netzwerk- & Online-Zubehör"
1503758031;"Games/Plattformen/PlayStation Vita/Zubehör/Schutzhüllen"
1503759031;"Games/Plattformen/PlayStation Vita/Zubehör/Skins"
1503760031;"Games/Plattformen/PlayStation Vita/Zubehör/Speicherkarten"
1503761031;"Games/Plattformen/PlayStation Vita/Zubehör/Taschen & Aufbewahrung"
1503762031;"Games/Plattformen/PlayStation Vita/Zubehör/Zubehörsets"
1503748031;"Games/Plattformen/PlayStation Vita/Zubehör"
1503687031;"Games/Plattformen/PlayStation Vita"
354025011;"Games/Plattformen/Wii/Konsolen"
354021011;"Games/Plattformen/Wii/Spiele/Actionspiele"
354023011;"Games/Plattformen/Wii/Spiele/Adventures & Rollenspiele"
528343031;"Games/Plattformen/Wii/Spiele/Fitness"
354024011;"Games/Plattformen/Wii/Spiele/Fun- & Partyspiele"
526161031;"Games/Plattformen/Wii/Spiele/Jump & Runs"
526162031;"Games/Plattformen/Wii/Spiele/Musik- & Tanzspiele"
354022011;"Games/Plattformen/Wii/Spiele/Rennspiele"
354020011;"Games/Plattformen/Wii/Spiele/Sportspiele"
529986031;"Games/Plattformen/Wii/Spiele/Tierspiele"
1478843031;"Games/Plattformen/Wii/Spiele"
354027011;"Games/Plattformen/Wii/Zubehör/Controller & Gamepads"
354026011;"Games/Plattformen/Wii/Zubehör/Kabel, Stecker & Adapter"
317530031;"Games/Plattformen/Wii/Zubehör/Lenkräder"
317531031;"Games/Plattformen/Wii/Zubehör/Lightguns & Zubehör"
317532031;"Games/Plattformen/Wii/Zubehör/Musikinstrumente"
317529031;"Games/Plattformen/Wii/Zubehör/Netzteile, Akkus & Ladegeräte"
437506031;"Games/Plattformen/Wii/Zubehör/Sensorleisten"
317533031;"Games/Plattformen/Wii/Zubehör/Skins, Schutzhüllen & Faceplates"
317534031;"Games/Plattformen/Wii/Zubehör/Standfüße & Halterungen"
354028011;"Games/Plattformen/Wii/Zubehör/Taschen & Aufbewahrung"
345198031;"Games/Plattformen/Wii/Zubehör/Wii Fit & Balance Board Zubehör"
317535031;"Games/Plattformen/Wii/Zubehör/Zubehörsets"
195016011;"Games/Plattformen/Wii/Zubehör"
195015011;"Games/Plattformen/Wii"
16283581;"Games/Plattformen/Xbox 360/Konsolen"
16285541;"Games/Plattformen/Xbox 360/Spiele/Actionspiele"
16285531;"Games/Plattformen/Xbox 360/Spiele/Adventures & Rollenspiele"
16285511;"Games/Plattformen/Xbox 360/Spiele/Rennspiele"
15855681;"Games/Plattformen/Xbox 360/Spiele/Sonstige Spiele"
16285521;"Games/Plattformen/Xbox 360/Spiele/Sportspiele"
1501915031;"Games/Plattformen/Xbox 360/Spiele/Strategiespiele"
1478845031;"Games/Plattformen/Xbox 360/Spiele"
16283601;"Games/Plattformen/Xbox 360/Zubehör/Controller"
316734031;"Games/Plattformen/Xbox 360/Zubehör/Fernbedienungen"
316736031;"Games/Plattformen/Xbox 360/Zubehör/Headsets & Kopfhörer"
16283591;"Games/Plattformen/Xbox 360/Zubehör/Kabel, Stecker & Adapter"
16283611;"Games/Plattformen/Xbox 360/Zubehör/Lenkräder"
16283621;"Games/Plattformen/Xbox 360/Zubehör/Memory Units & Festplatten"
316735031;"Games/Plattformen/Xbox 360/Zubehör/Musikinstrumente"
161310011;"Games/Plattformen/Xbox 360/Zubehör/Nach Hersteller/Originalzubehör von Microsoft"
161311011;"Games/Plattformen/Xbox 360/Zubehör/Nach Hersteller/Bigben Interactive"
161313011;"Games/Plattformen/Xbox 360/Zubehör/Nach Hersteller/Joytech"
161314011;"Games/Plattformen/Xbox 360/Zubehör/Nach Hersteller/Logic 3"
161312011;"Games/Plattformen/Xbox 360/Zubehör/Nach Hersteller/Mad Catz"
161315011;"Games/Plattformen/Xbox 360/Zubehör/Nach Hersteller/Madrics"
161309011;"Games/Plattformen/Xbox 360/Zubehör/Nach Hersteller"
316732031;"Games/Plattformen/Xbox 360/Zubehör/Netzteile, Akkus & Ladegeräte"
16283631;"Games/Plattformen/Xbox 360/Zubehör/Skins, Schutzhüllen & Faceplates"
16283641;"Games/Plattformen/Xbox 360/Zubehör/Sonstiges Zubehör"
15855691;"Games/Plattformen/Xbox 360/Zubehör"
15855671;"Games/Plattformen/Xbox 360"
541708;"Games/Plattformen"
