210966031;"Parfum & Beauté/Catégories/Parfums/Eau de parfum"
210967031;"Parfum & Beauté/Catégories/Parfums/Eau de toilette"
210968031;"Parfum & Beauté/Catégories/Parfums/Eau de cologne"
210969031;"Parfum & Beauté/Catégories/Parfums/Parfums"
210970031;"Parfum & Beauté/Catégories/Parfums/Parfums solides"
210971031;"Parfum & Beauté/Catégories/Parfums/Coffrets cadeaux"
210965031;"Parfum & Beauté/Catégories/Parfums"
210973031;"Parfum & Beauté/Catégories/Maquillage/Corps"
210975031;"Parfum & Beauté/Catégories/Maquillage/Yeux/Crayons & Eyeliners"
210976031;"Parfum & Beauté/Catégories/Maquillage/Yeux/Fards à paupières"
210977031;"Parfum & Beauté/Catégories/Maquillage/Yeux/Mascaras"
210978031;"Parfum & Beauté/Catégories/Maquillage/Yeux/Sourcils"
210979031;"Parfum & Beauté/Catégories/Maquillage/Yeux/Faux-cils"
210974031;"Parfum & Beauté/Catégories/Maquillage/Yeux"
210981031;"Parfum & Beauté/Catégories/Maquillage/Visage/Fonds de teint"
210982031;"Parfum & Beauté/Catégories/Maquillage/Visage/Anti-cernes & Correcteurs"
210983031;"Parfum & Beauté/Catégories/Maquillage/Visage/Blushs"
210984031;"Parfum & Beauté/Catégories/Maquillage/Visage/Poudres"
210985031;"Parfum & Beauté/Catégories/Maquillage/Visage/Enlumineurs"
210980031;"Parfum & Beauté/Catégories/Maquillage/Visage"
210987031;"Parfum & Beauté/Catégories/Maquillage/Lèvres/Rouges à lèvres"
210988031;"Parfum & Beauté/Catégories/Maquillage/Lèvres/Crayons & Contour"
210989031;"Parfum & Beauté/Catégories/Maquillage/Lèvres/Gloss"
210990031;"Parfum & Beauté/Catégories/Maquillage/Lèvres/Soins des lèvres"
210991031;"Parfum & Beauté/Catégories/Maquillage/Lèvres/Repulpeurs"
210986031;"Parfum & Beauté/Catégories/Maquillage/Lèvres"
227190031;"Parfum & Beauté/Catégories/Maquillage/Palettes & Malettes"
210972031;"Parfum & Beauté/Catégories/Maquillage"
210994031;"Parfum & Beauté/Catégories/Accessoires/Pinceaux & Houppes/Pinceaux yeux"
210995031;"Parfum & Beauté/Catégories/Accessoires/Pinceaux & Houppes/Pinceaux & Houppes teint"
210996031;"Parfum & Beauté/Catégories/Accessoires/Pinceaux & Houppes/Pinceaux lèvres"
210993031;"Parfum & Beauté/Catégories/Accessoires/Pinceaux & Houppes"
210997031;"Parfum & Beauté/Catégories/Accessoires/Eponges"
210998031;"Parfum & Beauté/Catégories/Accessoires/Papiers matifiants"
210999031;"Parfum & Beauté/Catégories/Accessoires/Poudriers"
211000031;"Parfum & Beauté/Catégories/Accessoires/Miroirs"
211001031;"Parfum & Beauté/Catégories/Accessoires/Taille-crayons"
211002031;"Parfum & Beauté/Catégories/Accessoires/Cotons à démaquiller & Lingettes"
211003031;"Parfum & Beauté/Catégories/Accessoires/Recourbe-cils"
211004031;"Parfum & Beauté/Catégories/Accessoires/Pinces à épiler"
210992031;"Parfum & Beauté/Catégories/Accessoires"
211006031;"Parfum & Beauté/Catégories/Manucure & Pédicure/Vernis à ongles"
211007031;"Parfum & Beauté/Catégories/Manucure & Pédicure/Dissolvants"
211008031;"Parfum & Beauté/Catégories/Manucure & Pédicure/Durcisseurs d'ongles"
211009031;"Parfum & Beauté/Catégories/Manucure & Pédicure/Crèmes mains & ongles"
211010031;"Parfum & Beauté/Catégories/Manucure & Pédicure/Cuticules"
211011031;"Parfum & Beauté/Catégories/Manucure & Pédicure/Coupe-ongles"
211012031;"Parfum & Beauté/Catégories/Manucure & Pédicure/Limes à ongles"
211013031;"Parfum & Beauté/Catégories/Manucure & Pédicure/Ciseaux à ongles"
211014031;"Parfum & Beauté/Catégories/Manucure & Pédicure/Brosses & Râpes"
211015031;"Parfum & Beauté/Catégories/Manucure & Pédicure/Pierres ponces"
211016031;"Parfum & Beauté/Catégories/Manucure & Pédicure/Faux ongles"
211017031;"Parfum & Beauté/Catégories/Manucure & Pédicure/Manucure éléctrique"
211018031;"Parfum & Beauté/Catégories/Manucure & Pédicure/Gants & Chaussettes"
211019031;"Parfum & Beauté/Catégories/Manucure & Pédicure/Kits manucure"
211005031;"Parfum & Beauté/Catégories/Manucure & Pédicure"
211030031;"Parfum & Beauté/Catégories/Soins pour la peau/Appareils autobronzants"
211028031;"Parfum & Beauté/Catégories/Soins pour la peau/Appareils soins visage"
211029031;"Parfum & Beauté/Catégories/Soins pour la peau/Autobronzants"
211031031;"Parfum & Beauté/Catégories/Soins pour la peau/Coffrets cadeaux"
211021031;"Parfum & Beauté/Catégories/Soins pour la peau/Crèmes pour le visage"
211025031;"Parfum & Beauté/Catégories/Soins pour la peau/Démaquillants"
211027031;"Parfum & Beauté/Catégories/Soins pour la peau/Electrostimulation"
211023031;"Parfum & Beauté/Catégories/Soins pour la peau/Exfoliants visage"
211026031;"Parfum & Beauté/Catégories/Soins pour la peau/Gants exfoliants"
838555031;"Parfum & Beauté/Catégories/Soins pour la peau/Masques"
211024031;"Parfum & Beauté/Catégories/Soins pour la peau/Peau à problèmes"
211022031;"Parfum & Beauté/Catégories/Soins pour la peau/Soins des yeux"
211020031;"Parfum & Beauté/Catégories/Soins pour la peau"
211032031;"Parfum & Beauté/Catégories/Vanity & Mallettes"
197859031;"Parfum & Beauté/Catégories"
210966031;"Parfum & Beauté/Catégories/Parfums/Eau de parfum"
210967031;"Parfum & Beauté/Catégories/Parfums/Eau de toilette"
210968031;"Parfum & Beauté/Catégories/Parfums/Eau de cologne"
210969031;"Parfum & Beauté/Catégories/Parfums/Parfums"
210970031;"Parfum & Beauté/Catégories/Parfums/Parfums solides"
210971031;"Parfum & Beauté/Catégories/Parfums/Coffrets cadeaux"
210965031;"Parfum & Beauté/Catégories/Parfums"
210973031;"Parfum & Beauté/Catégories/Maquillage/Corps"
210975031;"Parfum & Beauté/Catégories/Maquillage/Yeux/Crayons & Eyeliners"
210976031;"Parfum & Beauté/Catégories/Maquillage/Yeux/Fards à paupières"
210977031;"Parfum & Beauté/Catégories/Maquillage/Yeux/Mascaras"
210978031;"Parfum & Beauté/Catégories/Maquillage/Yeux/Sourcils"
210979031;"Parfum & Beauté/Catégories/Maquillage/Yeux/Faux-cils"
210974031;"Parfum & Beauté/Catégories/Maquillage/Yeux"
210981031;"Parfum & Beauté/Catégories/Maquillage/Visage/Fonds de teint"
210982031;"Parfum & Beauté/Catégories/Maquillage/Visage/Anti-cernes & Correcteurs"
210983031;"Parfum & Beauté/Catégories/Maquillage/Visage/Blushs"
210984031;"Parfum & Beauté/Catégories/Maquillage/Visage/Poudres"
210985031;"Parfum & Beauté/Catégories/Maquillage/Visage/Enlumineurs"
210980031;"Parfum & Beauté/Catégories/Maquillage/Visage"
210987031;"Parfum & Beauté/Catégories/Maquillage/Lèvres/Rouges à lèvres"
210988031;"Parfum & Beauté/Catégories/Maquillage/Lèvres/Crayons & Contour"
210989031;"Parfum & Beauté/Catégories/Maquillage/Lèvres/Gloss"
210990031;"Parfum & Beauté/Catégories/Maquillage/Lèvres/Soins des lèvres"
210991031;"Parfum & Beauté/Catégories/Maquillage/Lèvres/Repulpeurs"
210986031;"Parfum & Beauté/Catégories/Maquillage/Lèvres"
227190031;"Parfum & Beauté/Catégories/Maquillage/Palettes & Malettes"
210972031;"Parfum & Beauté/Catégories/Maquillage"
210994031;"Parfum & Beauté/Catégories/Accessoires/Pinceaux & Houppes/Pinceaux yeux"
210995031;"Parfum & Beauté/Catégories/Accessoires/Pinceaux & Houppes/Pinceaux & Houppes teint"
210996031;"Parfum & Beauté/Catégories/Accessoires/Pinceaux & Houppes/Pinceaux lèvres"
210993031;"Parfum & Beauté/Catégories/Accessoires/Pinceaux & Houppes"
210997031;"Parfum & Beauté/Catégories/Accessoires/Eponges"
210998031;"Parfum & Beauté/Catégories/Accessoires/Papiers matifiants"
210999031;"Parfum & Beauté/Catégories/Accessoires/Poudriers"
211000031;"Parfum & Beauté/Catégories/Accessoires/Miroirs"
211001031;"Parfum & Beauté/Catégories/Accessoires/Taille-crayons"
211002031;"Parfum & Beauté/Catégories/Accessoires/Cotons à démaquiller & Lingettes"
211003031;"Parfum & Beauté/Catégories/Accessoires/Recourbe-cils"
211004031;"Parfum & Beauté/Catégories/Accessoires/Pinces à épiler"
210992031;"Parfum & Beauté/Catégories/Accessoires"
211006031;"Parfum & Beauté/Catégories/Manucure & Pédicure/Vernis à ongles"
211007031;"Parfum & Beauté/Catégories/Manucure & Pédicure/Dissolvants"
211008031;"Parfum & Beauté/Catégories/Manucure & Pédicure/Durcisseurs d'ongles"
211009031;"Parfum & Beauté/Catégories/Manucure & Pédicure/Crèmes mains & ongles"
211010031;"Parfum & Beauté/Catégories/Manucure & Pédicure/Cuticules"
211011031;"Parfum & Beauté/Catégories/Manucure & Pédicure/Coupe-ongles"
211012031;"Parfum & Beauté/Catégories/Manucure & Pédicure/Limes à ongles"
211013031;"Parfum & Beauté/Catégories/Manucure & Pédicure/Ciseaux à ongles"
211014031;"Parfum & Beauté/Catégories/Manucure & Pédicure/Brosses & Râpes"
211015031;"Parfum & Beauté/Catégories/Manucure & Pédicure/Pierres ponces"
211016031;"Parfum & Beauté/Catégories/Manucure & Pédicure/Faux ongles"
211017031;"Parfum & Beauté/Catégories/Manucure & Pédicure/Manucure éléctrique"
211018031;"Parfum & Beauté/Catégories/Manucure & Pédicure/Gants & Chaussettes"
211019031;"Parfum & Beauté/Catégories/Manucure & Pédicure/Kits manucure"
211005031;"Parfum & Beauté/Catégories/Manucure & Pédicure"
211030031;"Parfum & Beauté/Catégories/Soins pour la peau/Appareils autobronzants"
211028031;"Parfum & Beauté/Catégories/Soins pour la peau/Appareils soins visage"
211029031;"Parfum & Beauté/Catégories/Soins pour la peau/Autobronzants"
211031031;"Parfum & Beauté/Catégories/Soins pour la peau/Coffrets cadeaux"
211021031;"Parfum & Beauté/Catégories/Soins pour la peau/Crèmes pour le visage"
211025031;"Parfum & Beauté/Catégories/Soins pour la peau/Démaquillants"
211027031;"Parfum & Beauté/Catégories/Soins pour la peau/Electrostimulation"
211023031;"Parfum & Beauté/Catégories/Soins pour la peau/Exfoliants visage"
211026031;"Parfum & Beauté/Catégories/Soins pour la peau/Gants exfoliants"
838555031;"Parfum & Beauté/Catégories/Soins pour la peau/Masques"
211024031;"Parfum & Beauté/Catégories/Soins pour la peau/Peau à problèmes"
211022031;"Parfum & Beauté/Catégories/Soins pour la peau/Soins des yeux"
211020031;"Parfum & Beauté/Catégories/Soins pour la peau"
211032031;"Parfum & Beauté/Catégories/Vanity & Mallettes"
211033031;"Parfum & Beauté/Featured Categories"
211036031;"Parfum & Beauté/Marques"
211034031;"Parfum & Beauté/Nouveautés"
215828031;"Parfum & Beauté/Recherche détaillée"
211735031;"Parfum & Beauté/Refinements/Availability/Articles en stock uniquement"
211736031;"Parfum & Beauté/Refinements/Availability/Ajouter les articles non en stock"
211734031;"Parfum & Beauté/Refinements/Availability"
211722031;"Parfum & Beauté/Refinements/Brand"
212241031;"Parfum & Beauté/Refinements/Color (feature_four_browse-bin)/Beige"
212242031;"Parfum & Beauté/Refinements/Color (feature_four_browse-bin)/Noir"
212243031;"Parfum & Beauté/Refinements/Color (feature_four_browse-bin)/Bleu"
212244031;"Parfum & Beauté/Refinements/Color (feature_four_browse-bin)/Bronze"
212245031;"Parfum & Beauté/Refinements/Color (feature_four_browse-bin)/Marron"
212246031;"Parfum & Beauté/Refinements/Color (feature_four_browse-bin)/Incolore"
212247031;"Parfum & Beauté/Refinements/Color (feature_four_browse-bin)/Or"
212248031;"Parfum & Beauté/Refinements/Color (feature_four_browse-bin)/Gris"
212249031;"Parfum & Beauté/Refinements/Color (feature_four_browse-bin)/Vert"
212250031;"Parfum & Beauté/Refinements/Color (feature_four_browse-bin)/Multicolore"
212251031;"Parfum & Beauté/Refinements/Color (feature_four_browse-bin)/Orange"
212252031;"Parfum & Beauté/Refinements/Color (feature_four_browse-bin)/Rose"
212253031;"Parfum & Beauté/Refinements/Color (feature_four_browse-bin)/Violet"
212254031;"Parfum & Beauté/Refinements/Color (feature_four_browse-bin)/Rouge"
212255031;"Parfum & Beauté/Refinements/Color (feature_four_browse-bin)/Argenté"
212256031;"Parfum & Beauté/Refinements/Color (feature_four_browse-bin)/Blanc"
212257031;"Parfum & Beauté/Refinements/Color (feature_four_browse-bin)/Jaune"
212240031;"Parfum & Beauté/Refinements/Color (feature_four_browse-bin)"
211742031;"Parfum & Beauté/Refinements/Customer Review (review-rating)/4 étoiles & plus"
211743031;"Parfum & Beauté/Refinements/Customer Review (review-rating)/3 étoiles & plus"
211744031;"Parfum & Beauté/Refinements/Customer Review (review-rating)/2 étoiles & plus"
211745031;"Parfum & Beauté/Refinements/Customer Review (review-rating)/1 étoile & plus"
211741031;"Parfum & Beauté/Refinements/Customer Review (review-rating)"
212259031;"Parfum & Beauté/Refinements/Department (target_audience_browse-bin)/Homme"
212260031;"Parfum & Beauté/Refinements/Department (target_audience_browse-bin)/Femme"
212261031;"Parfum & Beauté/Refinements/Department (target_audience_browse-bin)/Mixte"
213312031;"Parfum & Beauté/Refinements/Department (target_audience_browse-bin)/Enfant"
213313031;"Parfum & Beauté/Refinements/Department (target_audience_browse-bin)/Bébé"
212258031;"Parfum & Beauté/Refinements/Department (target_audience_browse-bin)"
211738031;"Parfum & Beauté/Refinements/New Arrivals (date)/Depuis 1 mois"
211739031;"Parfum & Beauté/Refinements/New Arrivals (date)/Depuis 3 mois"
211740031;"Parfum & Beauté/Refinements/New Arrivals (date)/Dans les 3 mois à venir"
211737031;"Parfum & Beauté/Refinements/New Arrivals (date)"
211724031;"Parfum & Beauté/Refinements/Price (price)/0 à 10 EUR"
211725031;"Parfum & Beauté/Refinements/Price (price)/10 à 20 EUR"
211726031;"Parfum & Beauté/Refinements/Price (price)/20 à 50 EUR"
211727031;"Parfum & Beauté/Refinements/Price (price)/50 à 100 EUR"
211728031;"Parfum & Beauté/Refinements/Price (price)/Plus de 100 EUR"
211723031;"Parfum & Beauté/Refinements/Price (price)"
211037031;"Parfum & Beauté/Refinements/Seller"
211730031;"Parfum & Beauté/Refinements/Shipping Option (availability_class)/Peut être expédié par Amazon.fr sous un jour ouvré"
211729031;"Parfum & Beauté/Refinements/Shipping Option (availability_class)"
211732031;"Parfum & Beauté/Refinements/Shipping Options (is_prime)/Peuvent bénéficier d'Amazon Premium"
211733031;"Parfum & Beauté/Refinements/Shipping Options (is_prime)/Livraison gratuite"
211731031;"Parfum & Beauté/Refinements/Shipping Options (is_prime)"
211035031;"Parfum & Beauté/Refinements"
530158031;"Parfum & Beauté/Self Service/Custom Stores/Coffrets cadeaux/Coffrets soins et bien-être"
530159031;"Parfum & Beauté/Self Service/Custom Stores/Coffrets cadeaux/Coffrets maquillage"
530160031;"Parfum & Beauté/Self Service/Custom Stores/Coffrets cadeaux/Coffrets parfum"
530161031;"Parfum & Beauté/Self Service/Custom Stores/Coffrets cadeaux/Coffrets à la carte"
428230031;"Parfum & Beauté/Self Service/Custom Stores/Coffrets cadeaux"
524651031;"Parfum & Beauté/Self Service/Custom Stores/Offres Anniversaire/Beauté : jusqu'à -50%*/Maquillage"
524652031;"Parfum & Beauté/Self Service/Custom Stores/Offres Anniversaire/Beauté : jusqu'à -50%*/Manucure"
524653031;"Parfum & Beauté/Self Service/Custom Stores/Offres Anniversaire/Beauté : jusqu'à -50%*/Soins pour la peau"
525122031;"Parfum & Beauté/Self Service/Custom Stores/Offres Anniversaire/Beauté : jusqu'à -50%*/Parfums"
523923031;"Parfum & Beauté/Self Service/Custom Stores/Offres Anniversaire/Beauté : jusqu'à -50%*"
523924031;"Parfum & Beauté/Self Service/Custom Stores/Offres Anniversaire/Wonderbox : -20%*"
523925031;"Parfum & Beauté/Self Service/Custom Stores/Offres Anniversaire/1 palette de maquillage offerte*"
523926031;"Parfum & Beauté/Self Service/Custom Stores/Offres Anniversaire/1 set manucure offert*"
523930031;"Parfum & Beauté/Self Service/Custom Stores/Offres Anniversaire/1 coffret bain acheté = 1 offert*"
524654031;"Parfum & Beauté/Self Service/Custom Stores/Offres Anniversaire/Smartbox : 1 guide vin bio Gault Millau offert*/Beauté - Soin & Bien-être"
524655031;"Parfum & Beauté/Self Service/Custom Stores/Offres Anniversaire/Smartbox : 1 guide vin bio Gault Millau offert*/Gastronomie"
524656031;"Parfum & Beauté/Self Service/Custom Stores/Offres Anniversaire/Smartbox : 1 guide vin bio Gault Millau offert*/Week-ends & Séjours"
524657031;"Parfum & Beauté/Self Service/Custom Stores/Offres Anniversaire/Smartbox : 1 guide vin bio Gault Millau offert*/Sport & Aventure"
524658031;"Parfum & Beauté/Self Service/Custom Stores/Offres Anniversaire/Smartbox : 1 guide vin bio Gault Millau offert*/Activités au choix"
523931031;"Parfum & Beauté/Self Service/Custom Stores/Offres Anniversaire/Smartbox : 1 guide vin bio Gault Millau offert*"
523922031;"Parfum & Beauté/Self Service/Custom Stores/Offres Anniversaire"
526599031;"Parfum & Beauté/Self Service/Custom Stores/Idées cadeaux Noël/Parfums"
526600031;"Parfum & Beauté/Self Service/Custom Stores/Idées cadeaux Noël/Coffrets de bain et soin"
526601031;"Parfum & Beauté/Self Service/Custom Stores/Idées cadeaux Noël/Coffrets maquillage"
526604031;"Parfum & Beauté/Self Service/Custom Stores/Idées cadeaux Noël/Pour lui"
526606031;"Parfum & Beauté/Self Service/Custom Stores/Idées cadeaux Noël/Sets Manucure"
526607031;"Parfum & Beauté/Self Service/Custom Stores/Idées cadeaux Noël/Accessoires tendance"
528368031;"Parfum & Beauté/Self Service/Custom Stores/Idées cadeaux Noël/Coffrets cadeaux à la carte/Beauté - Soin & Bien-être"
528369031;"Parfum & Beauté/Self Service/Custom Stores/Idées cadeaux Noël/Coffrets cadeaux à la carte/Gastronomie"
528370031;"Parfum & Beauté/Self Service/Custom Stores/Idées cadeaux Noël/Coffrets cadeaux à la carte/Week-ends & Séjours"
528371031;"Parfum & Beauté/Self Service/Custom Stores/Idées cadeaux Noël/Coffrets cadeaux à la carte/Sport & Aventure"
528372031;"Parfum & Beauté/Self Service/Custom Stores/Idées cadeaux Noël/Coffrets cadeaux à la carte/Activités au choix"
526608031;"Parfum & Beauté/Self Service/Custom Stores/Idées cadeaux Noël/Coffrets cadeaux à la carte"
526597031;"Parfum & Beauté/Self Service/Custom Stores/Idées cadeaux Noël"
526610031;"Parfum & Beauté/Self Service/Custom Stores/Belle pour les fêtes/Maquillage"
526611031;"Parfum & Beauté/Self Service/Custom Stores/Belle pour les fêtes/Manucure"
526612031;"Parfum & Beauté/Self Service/Custom Stores/Belle pour les fêtes/Soins pour la peau"
526613031;"Parfum & Beauté/Self Service/Custom Stores/Belle pour les fêtes/Coiffure et soins du cheveu"
526609031;"Parfum & Beauté/Self Service/Custom Stores/Belle pour les fêtes"
594649031;"Parfum & Beauté/Self Service/Custom Stores/Cocooning/Mains, Pieds et Ongles"
594650031;"Parfum & Beauté/Self Service/Custom Stores/Cocooning/Hydratant et Nourrissant"
594651031;"Parfum & Beauté/Self Service/Custom Stores/Cocooning/Masques"
594652031;"Parfum & Beauté/Self Service/Custom Stores/Cocooning/Soins lèvres"
594648031;"Parfum & Beauté/Self Service/Custom Stores/Cocooning"
598836031;"Parfum & Beauté/Self Service/Custom Stores/Idées cadeaux"
635361031;"Parfum & Beauté/Self Service/Custom Stores/Sélection Anti-grise mine/1) Nettoyer & démaquiller la peau"
635362031;"Parfum & Beauté/Self Service/Custom Stores/Sélection Anti-grise mine/2) Gommer les cellules mortes"
635363031;"Parfum & Beauté/Self Service/Custom Stores/Sélection Anti-grise mine/3) Hydrater la peau"
635364031;"Parfum & Beauté/Self Service/Custom Stores/Sélection Anti-grise mine/4) Maquillage bonne mine"
635365031;"Parfum & Beauté/Self Service/Custom Stores/Sélection Anti-grise mine/Des lèvres à croquer"
635367031;"Parfum & Beauté/Self Service/Custom Stores/Sélection Anti-grise mine/Un regard sublimé"
635366031;"Parfum & Beauté/Self Service/Custom Stores/Sélection Anti-grise mine/Cheveux souples et brillants"
635360031;"Parfum & Beauté/Self Service/Custom Stores/Sélection Anti-grise mine"
635789031;"Parfum & Beauté/Self Service/Custom Stores/Victoires de la beauté 2011/Melvita"
635786031;"Parfum & Beauté/Self Service/Custom Stores/Victoires de la beauté 2011/Mustela"
635505031;"Parfum & Beauté/Self Service/Custom Stores/Victoires de la beauté 2011/Activilong"
635500031;"Parfum & Beauté/Self Service/Custom Stores/Victoires de la beauté 2011/B com BIO"
635506031;"Parfum & Beauté/Self Service/Custom Stores/Victoires de la beauté 2011/Biocyte"
635496031;"Parfum & Beauté/Self Service/Custom Stores/Victoires de la beauté 2011/Corine de Farme"
635498031;"Parfum & Beauté/Self Service/Custom Stores/Victoires de la beauté 2011/Demak' Up"
635494031;"Parfum & Beauté/Self Service/Custom Stores/Victoires de la beauté 2011/Dermophil"
635495031;"Parfum & Beauté/Self Service/Custom Stores/Victoires de la beauté 2011/Filorga"
635493031;"Parfum & Beauté/Self Service/Custom Stores/Victoires de la beauté 2011/Garancia"
635501031;"Parfum & Beauté/Self Service/Custom Stores/Victoires de la beauté 2011/Garnier"
635507031;"Parfum & Beauté/Self Service/Custom Stores/Victoires de la beauté 2011/Gemey Maybelline"
635503031;"Parfum & Beauté/Self Service/Custom Stores/Victoires de la beauté 2011/Gillette"
635497031;"Parfum & Beauté/Self Service/Custom Stores/Victoires de la beauté 2011/L'Oréal"
635492031;"Parfum & Beauté/Self Service/Custom Stores/Victoires de la beauté 2011/Pomarium"
635504031;"Parfum & Beauté/Self Service/Custom Stores/Victoires de la beauté 2011/Philips"
635499031;"Parfum & Beauté/Self Service/Custom Stores/Victoires de la beauté 2011/Terra Humana"
635502031;"Parfum & Beauté/Self Service/Custom Stores/Victoires de la beauté 2011/Veet"
635491031;"Parfum & Beauté/Self Service/Custom Stores/Victoires de la beauté 2011"
680045031;"Parfum & Beauté/Self Service/Custom Stores/Maquillage d'été/Coloré"
680044031;"Parfum & Beauté/Self Service/Custom Stores/Maquillage d'été/Nude"
680043031;"Parfum & Beauté/Self Service/Custom Stores/Maquillage d'été"
695497031;"Parfum & Beauté/Self Service/Custom Stores/Tops de l'été/Senteurs d'été"
695492031;"Parfum & Beauté/Self Service/Custom Stores/Tops de l'été/Une peau dorée"
695495031;"Parfum & Beauté/Self Service/Custom Stores/Tops de l'été/Des ongles parfaits"
695494031;"Parfum & Beauté/Self Service/Custom Stores/Tops de l'été/Maquillée tendances"
695493031;"Parfum & Beauté/Self Service/Custom Stores/Tops de l'été/Plus mince"
695491031;"Parfum & Beauté/Self Service/Custom Stores/Tops de l'été/Une peau bien hydratée"
695496031;"Parfum & Beauté/Self Service/Custom Stores/Tops de l'été/De jolis pieds"
695490031;"Parfum & Beauté/Self Service/Custom Stores/Tops de l'été"
696242031;"Parfum & Beauté/Self Service/Custom Stores/Fête des mères : cadeaux à petits prix/Parfums"
696245031;"Parfum & Beauté/Self Service/Custom Stores/Fête des mères : cadeaux à petits prix/Coffrets de bain et soins"
696244031;"Parfum & Beauté/Self Service/Custom Stores/Fête des mères : cadeaux à petits prix/Manucure"
701693031;"Parfum & Beauté/Self Service/Custom Stores/Fête des mères : cadeaux à petits prix/Sets de maquillage"
696243031;"Parfum & Beauté/Self Service/Custom Stores/Fête des mères : cadeaux à petits prix/Coffrets de massage"
696246031;"Parfum & Beauté/Self Service/Custom Stores/Fête des mères : cadeaux à petits prix/Coffret Wonderbox : -10%"
696241031;"Parfum & Beauté/Self Service/Custom Stores/Fête des mères : cadeaux à petits prix"
702178031;"Parfum & Beauté/Self Service/Custom Stores/Idées cadeaux pour les mamans/Parfums"
702176031;"Parfum & Beauté/Self Service/Custom Stores/Idées cadeaux pour les mamans/Coffrets maquillage"
702175031;"Parfum & Beauté/Self Service/Custom Stores/Idées cadeaux pour les mamans/Coffrets de bain et soins"
702177031;"Parfum & Beauté/Self Service/Custom Stores/Idées cadeaux pour les mamans/Sets manucure"
702180031;"Parfum & Beauté/Self Service/Custom Stores/Idées cadeaux pour les mamans/Coffrets cadeaux à la carte"
702181031;"Parfum & Beauté/Self Service/Custom Stores/Idées cadeaux pour les mamans/Accessoires"
702174031;"Parfum & Beauté/Self Service/Custom Stores/Idées cadeaux pour les mamans"
789761031;"Parfum & Beauté/Self Service/Custom Stores/Fête des pères : idées cadeaux/Parfums"
789763031;"Parfum & Beauté/Self Service/Custom Stores/Fête des pères : idées cadeaux/Coffrets de soins et rasage"
789762031;"Parfum & Beauté/Self Service/Custom Stores/Fête des pères : idées cadeaux/Massage et relaxation"
789764031;"Parfum & Beauté/Self Service/Custom Stores/Fête des pères : idées cadeaux/Soin des mains"
789765031;"Parfum & Beauté/Self Service/Custom Stores/Fête des pères : idées cadeaux/Coffrets cadeaux à la carte"
789760031;"Parfum & Beauté/Self Service/Custom Stores/Fête des pères : idées cadeaux"
811520031;"Parfum & Beauté/Self Service/Custom Stores/Offres Fête des pères/Parfums"
811521031;"Parfum & Beauté/Self Service/Custom Stores/Offres Fête des pères/Rasage"
811523031;"Parfum & Beauté/Self Service/Custom Stores/Offres Fête des pères/Coffrets de massage et soins"
811522031;"Parfum & Beauté/Self Service/Custom Stores/Offres Fête des pères/Soins pour la peau"
811519031;"Parfum & Beauté/Self Service/Custom Stores/Offres Fête des pères"
904653031;"Parfum & Beauté/Self Service/Custom Stores/Offres de l'été : jusqu'à -50%/Parfums"
921613031;"Parfum & Beauté/Self Service/Custom Stores/Offres de l'été : jusqu'à -50%/Maquillage"
904656031;"Parfum & Beauté/Self Service/Custom Stores/Offres de l'été : jusqu'à -50%/Manucure"
904655031;"Parfum & Beauté/Self Service/Custom Stores/Offres de l'été : jusqu'à -50%/Soins pour la peau"
904654031;"Parfum & Beauté/Self Service/Custom Stores/Offres de l'été : jusqu'à -50%/Pour homme"
904652031;"Parfum & Beauté/Self Service/Custom Stores/Offres de l'été : jusqu'à -50%"
1322903031;"Parfum & Beauté/Self Service/Custom Stores/Offre rentrée : jusqu'à -50%/Parfums"
1322902031;"Parfum & Beauté/Self Service/Custom Stores/Offre rentrée : jusqu'à -50%/Manucure"
1322901031;"Parfum & Beauté/Self Service/Custom Stores/Offre rentrée : jusqu'à -50%/Bio"
1322900031;"Parfum & Beauté/Self Service/Custom Stores/Offre rentrée : jusqu'à -50%/Coffrets de bain et soins"
1322899031;"Parfum & Beauté/Self Service/Custom Stores/Offre rentrée : jusqu'à -50%/Accessoires"
1322898031;"Parfum & Beauté/Self Service/Custom Stores/Offre rentrée : jusqu'à -50%"
1345605031;"Parfum & Beauté/Self Service/Custom Stores/Offres Anniversaire test/Test1"
1345606031;"Parfum & Beauté/Self Service/Custom Stores/Offres Anniversaire test/Test2"
1345604031;"Parfum & Beauté/Self Service/Custom Stores/Offres Anniversaire test"
1347255031;"Parfum & Beauté/Self Service/Custom Stores/Offres spéciales Anniversaire/Soins bio"
1347253031;"Parfum & Beauté/Self Service/Custom Stores/Offres spéciales Anniversaire/Massage et relaxation"
1347251031;"Parfum & Beauté/Self Service/Custom Stores/Offres spéciales Anniversaire/Rasage homme"
1347254031;"Parfum & Beauté/Self Service/Custom Stores/Offres spéciales Anniversaire/Soins Corine de Farme"
1347245031;"Parfum & Beauté/Self Service/Custom Stores/Offres spéciales Anniversaire"
1351610031;"Parfum & Beauté/Self Service/Custom Stores/Boutique Revlon/Maquillage/Teint/Fonds de Teint"
1351611031;"Parfum & Beauté/Self Service/Custom Stores/Boutique Revlon/Maquillage/Teint/Poudres"
1351612031;"Parfum & Beauté/Self Service/Custom Stores/Boutique Revlon/Maquillage/Teint/Anti-Cernes"
1351549031;"Parfum & Beauté/Self Service/Custom Stores/Boutique Revlon/Maquillage/Teint"
1351616031;"Parfum & Beauté/Self Service/Custom Stores/Boutique Revlon/Maquillage/Yeux/Mascaras"
1351617031;"Parfum & Beauté/Self Service/Custom Stores/Boutique Revlon/Maquillage/Yeux/Ombres à Paupières"
1351618031;"Parfum & Beauté/Self Service/Custom Stores/Boutique Revlon/Maquillage/Yeux/Crayons et Eyeliners"
1351619031;"Parfum & Beauté/Self Service/Custom Stores/Boutique Revlon/Maquillage/Yeux/Sourcils"
1351550031;"Parfum & Beauté/Self Service/Custom Stores/Boutique Revlon/Maquillage/Yeux"
1351622031;"Parfum & Beauté/Self Service/Custom Stores/Boutique Revlon/Maquillage/Lèvres/Gloss"
1351623031;"Parfum & Beauté/Self Service/Custom Stores/Boutique Revlon/Maquillage/Lèvres/Rouges à Lèvres"
1351624031;"Parfum & Beauté/Self Service/Custom Stores/Boutique Revlon/Maquillage/Lèvres/Feutres à Lèvres"
1351625031;"Parfum & Beauté/Self Service/Custom Stores/Boutique Revlon/Maquillage/Lèvres/Crayons"
1351551031;"Parfum & Beauté/Self Service/Custom Stores/Boutique Revlon/Maquillage/Lèvres"
1351626031;"Parfum & Beauté/Self Service/Custom Stores/Boutique Revlon/Maquillage/Ongles/Vernis à Ongles"
1351627031;"Parfum & Beauté/Self Service/Custom Stores/Boutique Revlon/Maquillage/Ongles/Dissolvants"
1351628031;"Parfum & Beauté/Self Service/Custom Stores/Boutique Revlon/Maquillage/Ongles/Base et Top Coat"
1351630031;"Parfum & Beauté/Self Service/Custom Stores/Boutique Revlon/Maquillage/Ongles/Soins des ongles"
1351632031;"Parfum & Beauté/Self Service/Custom Stores/Boutique Revlon/Maquillage/Ongles/Cuticules"
1351552031;"Parfum & Beauté/Self Service/Custom Stores/Boutique Revlon/Maquillage/Ongles"
1351543031;"Parfum & Beauté/Self Service/Custom Stores/Boutique Revlon/Maquillage"
1351569031;"Parfum & Beauté/Self Service/Custom Stores/Boutique Revlon/Soins et Parfum/Démaquillage"
1351571031;"Parfum & Beauté/Self Service/Custom Stores/Boutique Revlon/Soins et Parfum/Soins visage et corps"
1351573031;"Parfum & Beauté/Self Service/Custom Stores/Boutique Revlon/Soins et Parfum/Parfum"
1351545031;"Parfum & Beauté/Self Service/Custom Stores/Boutique Revlon/Soins et Parfum"
1351578031;"Parfum & Beauté/Self Service/Custom Stores/Boutique Revlon/Accessoires/Pinceaux et Miroirs"
1351579031;"Parfum & Beauté/Self Service/Custom Stores/Boutique Revlon/Accessoires/Manucure et Pédicure"
1351580031;"Parfum & Beauté/Self Service/Custom Stores/Boutique Revlon/Accessoires/Pinces à épiler et Recourbe-cils"
1351547031;"Parfum & Beauté/Self Service/Custom Stores/Boutique Revlon/Accessoires"
1360209031;"Parfum & Beauté/Self Service/Custom Stores/Boutique Revlon/La marque"
1360210031;"Parfum & Beauté/Self Service/Custom Stores/Boutique Revlon/Les nouveautés"
1360211031;"Parfum & Beauté/Self Service/Custom Stores/Boutique Revlon/Les vidéos et conseils"
1351536031;"Parfum & Beauté/Self Service/Custom Stores/Boutique Revlon"
1352558031;"Parfum & Beauté/Self Service/Custom Stores/Boutique Gatineau/Démaquillage/Démaquiller"
1352559031;"Parfum & Beauté/Self Service/Custom Stores/Boutique Gatineau/Démaquillage/Nettoyer et Tonifier"
1352553031;"Parfum & Beauté/Self Service/Custom Stores/Boutique Gatineau/Démaquillage"
1352560031;"Parfum & Beauté/Self Service/Custom Stores/Boutique Gatineau/Anti-Âge/Combattre les rides"
1352562031;"Parfum & Beauté/Self Service/Custom Stores/Boutique Gatineau/Anti-Âge/Raffermir"
1352561031;"Parfum & Beauté/Self Service/Custom Stores/Boutique Gatineau/Anti-Âge/Régénérer"
1352554031;"Parfum & Beauté/Self Service/Custom Stores/Boutique Gatineau/Anti-Âge"
1352567031;"Parfum & Beauté/Self Service/Custom Stores/Boutique Gatineau/Essentiels/Hydrater"
1352566031;"Parfum & Beauté/Self Service/Custom Stores/Boutique Gatineau/Essentiels/Illuminer"
1352565031;"Parfum & Beauté/Self Service/Custom Stores/Boutique Gatineau/Essentiels/Purifier"
1352564031;"Parfum & Beauté/Self Service/Custom Stores/Boutique Gatineau/Essentiels/Apaiser"
1352563031;"Parfum & Beauté/Self Service/Custom Stores/Boutique Gatineau/Essentiels/Nourrir"
1352555031;"Parfum & Beauté/Self Service/Custom Stores/Boutique Gatineau/Essentiels"
1352569031;"Parfum & Beauté/Self Service/Custom Stores/Boutique Gatineau/Corps/Exfolier et Affiner"
1352568031;"Parfum & Beauté/Self Service/Custom Stores/Boutique Gatineau/Corps/Hydrater et Préparer le bronzage"
1352556031;"Parfum & Beauté/Self Service/Custom Stores/Boutique Gatineau/Corps"
1360617031;"Parfum & Beauté/Self Service/Custom Stores/Boutique Gatineau/La marque"
1360618031;"Parfum & Beauté/Self Service/Custom Stores/Boutique Gatineau/Les dernières innovations"
1352550031;"Parfum & Beauté/Self Service/Custom Stores/Boutique Gatineau"
1606260031;"Parfum & Beauté/Self Service/Custom Stores/Idées cadeaux St Valentin/Pour elle/Pédicure et manucure"
1606255031;"Parfum & Beauté/Self Service/Custom Stores/Idées cadeaux St Valentin/Pour elle/Accessoires"
1606254031;"Parfum & Beauté/Self Service/Custom Stores/Idées cadeaux St Valentin/Pour elle/Maquillage"
1606253031;"Parfum & Beauté/Self Service/Custom Stores/Idées cadeaux St Valentin/Pour elle/Soins du visage et soins du corps"
1606252031;"Parfum & Beauté/Self Service/Custom Stores/Idées cadeaux St Valentin/Pour elle/Coffrets cadeaux à la carte"
1606251031;"Parfum & Beauté/Self Service/Custom Stores/Idées cadeaux St Valentin/Pour elle/Parfums"
1598236031;"Parfum & Beauté/Self Service/Custom Stores/Idées cadeaux St Valentin/Pour elle"
1598235031;"Parfum & Beauté/Self Service/Custom Stores/Idées cadeaux St Valentin/Pour lui"
1606259031;"Parfum & Beauté/Self Service/Custom Stores/Idées cadeaux St Valentin/Pour elle ou lui/Parfums"
1606258031;"Parfum & Beauté/Self Service/Custom Stores/Idées cadeaux St Valentin/Pour elle ou lui/Coffrets cadeaux à la carte"
1598234031;"Parfum & Beauté/Self Service/Custom Stores/Idées cadeaux St Valentin/Pour elle ou lui"
1598233031;"Parfum & Beauté/Self Service/Custom Stores/Idées cadeaux St Valentin"
1620008031;"Parfum & Beauté/Self Service/Custom Stores/Résistez à l'hiver/Soins bio"
1620007031;"Parfum & Beauté/Self Service/Custom Stores/Résistez à l'hiver/Huiles de soin"
1620006031;"Parfum & Beauté/Self Service/Custom Stores/Résistez à l'hiver/Coffrets cadeaux beauté et bien-être"
1620005031;"Parfum & Beauté/Self Service/Custom Stores/Résistez à l'hiver/Soin des lèvres"
1620004031;"Parfum & Beauté/Self Service/Custom Stores/Résistez à l'hiver/Soins du visage"
1608141031;"Parfum & Beauté/Self Service/Custom Stores/Résistez à l'hiver"
1619887031;"Parfum & Beauté/Self Service/Custom Stores/Départ en vacances/Parfums"
1619883031;"Parfum & Beauté/Self Service/Custom Stores/Départ en vacances/Soins du visage"
1619882031;"Parfum & Beauté/Self Service/Custom Stores/Départ en vacances/Maquillage"
1619881031;"Parfum & Beauté/Self Service/Custom Stores/Départ en vacances/Accessoires"
1619880031;"Parfum & Beauté/Self Service/Custom Stores/Départ en vacances/Manucure et pédicure"
1608142031;"Parfum & Beauté/Self Service/Custom Stores/Départ en vacances"
425545031;"Parfum & Beauté/Self Service/Custom Stores"
518356031;"Parfum & Beauté/Self Service/Special Features Stores/Produits éco-responsables"
521756031;"Parfum & Beauté/Self Service/Special Features Stores/Test"
522826031;"Parfum & Beauté/Self Service/Special Features Stores/Offres Anniversaire"
545587031;"Parfum & Beauté/Self Service/Special Features Stores/Maquillage de fête"
545690031;"Parfum & Beauté/Self Service/Special Features Stores/Offres noël : de -10% à -50%"
579770031;"Parfum & Beauté/Self Service/Special Features Stores/Offre spéciale beauté : jusqu'à -57%"
599328031;"Parfum & Beauté/Self Service/Special Features Stores/Maquillage : jusqu'à -55%"
428136031;"Parfum & Beauté/Self Service/Special Features Stores/Bonnes affaires"
634513031;"Parfum & Beauté/Self Service/Special Features Stores/Petits prix"
649730031;"Parfum & Beauté/Self Service/Special Features Stores/Tout nouveau tout beau"
664579031;"Parfum & Beauté/Self Service/Special Features Stores/Les mieux notés"
664580031;"Parfum & Beauté/Self Service/Special Features Stores/Le bleu est roi"
667409031;"Parfum & Beauté/Self Service/Special Features Stores/Vive les couleurs !"
679718031;"Parfum & Beauté/Self Service/Special Features Stores/Cosmétiques à la rose"
679817031;"Parfum & Beauté/Self Service/Special Features Stores/Offres Beauté : jusqu'à -50%*"
679952031;"Parfum & Beauté/Self Service/Special Features Stores/Beauté éthnique"
689219031;"Parfum & Beauté/Self Service/Special Features Stores/A emporter"
690208031;"Parfum & Beauté/Self Service/Special Features Stores/Offres spéciales"
695489031;"Parfum & Beauté/Self Service/Special Features Stores/Être au top cet été"
1362513031;"Parfum & Beauté/Self Service/Special Features Stores/Parfum et Beauté pour adolescents"
1362518031;"Parfum & Beauté/Self Service/Special Features Stores/Idées cadeaux noël pour elle"
1462999031;"Parfum & Beauté/Self Service/Special Features Stores/Offres coffrets cadeaux"
1590287031;"Parfum & Beauté/Self Service/Special Features Stores/Offre St Valentin : de -15% à -60%*"
1590332031;"Parfum & Beauté/Self Service/Special Features Stores/Bonnes affaires : de -10% à -70%* (Voir conditions en bas de page)"
425546031;"Parfum & Beauté/Self Service/Special Features Stores"
425544031;"Parfum & Beauté/Self Service"
197860031;"Parfum & Beauté/Usages spéciaux"
197858031;"Parfum & Beauté"
