248817031;"Chaussures et Accessoires/Boutiques/Content Stores/Chaussures Femme"
248818031;"Chaussures et Accessoires/Boutiques/Content Stores/Chaussures Homme"
248819031;"Chaussures et Accessoires/Boutiques/Content Stores/Chaussures Enfant"
340352031;"Chaussures et Accessoires/Boutiques/Content Stores/Soldes"
248816031;"Chaussures et Accessoires/Boutiques/Content Stores"
451159031;"Chaussures et Accessoires/Boutiques/Regular Stores/Amazon Éco-boutique : Articles de mode"
332074031;"Chaussures et Accessoires/Boutiques/Regular Stores/Offres spéciales"
429909031;"Chaussures et Accessoires/Boutiques/Regular Stores/Soldes/Jusqu'à -10%"
429910031;"Chaussures et Accessoires/Boutiques/Regular Stores/Soldes/Jusqu'à -15%"
429911031;"Chaussures et Accessoires/Boutiques/Regular Stores/Soldes/Jusqu'à -20%"
429912031;"Chaussures et Accessoires/Boutiques/Regular Stores/Soldes/Jusqu'à -25%"
429913031;"Chaussures et Accessoires/Boutiques/Regular Stores/Soldes/Jusqu'à -30%"
429914031;"Chaussures et Accessoires/Boutiques/Regular Stores/Soldes/Jusqu'à -35%"
429915031;"Chaussures et Accessoires/Boutiques/Regular Stores/Soldes/Jusqu'à -40%"
429916031;"Chaussures et Accessoires/Boutiques/Regular Stores/Soldes/Jusqu'à -45%"
429917031;"Chaussures et Accessoires/Boutiques/Regular Stores/Soldes/Jusqu'à -50%"
429918031;"Chaussures et Accessoires/Boutiques/Regular Stores/Soldes/Jusqu'à -55%"
429919031;"Chaussures et Accessoires/Boutiques/Regular Stores/Soldes/Jusqu'à -60%"
429920031;"Chaussures et Accessoires/Boutiques/Regular Stores/Soldes/Jusqu'à -65%"
429921031;"Chaussures et Accessoires/Boutiques/Regular Stores/Soldes/Jusqu'à -70%"
429922031;"Chaussures et Accessoires/Boutiques/Regular Stores/Soldes/Jusqu'à -75%"
429923031;"Chaussures et Accessoires/Boutiques/Regular Stores/Soldes/Jusqu'à -80%"
438229031;"Chaussures et Accessoires/Boutiques/Regular Stores/Soldes/Jusqu'à -85%"
438230031;"Chaussures et Accessoires/Boutiques/Regular Stores/Soldes/Jusqu'à -90%"
400027031;"Chaussures et Accessoires/Boutiques/Regular Stores/Soldes"
488389031;"Chaussures et Accessoires/Boutiques/Regular Stores/Sélection"
492180031;"Chaussures et Accessoires/Boutiques/Regular Stores/Bonnes Affaires"
332073031;"Chaussures et Accessoires/Boutiques/Regular Stores"
248729031;"Chaussures et Accessoires/Catégories/Accessoires/Articles de voyage"
248723031;"Chaussures et Accessoires/Catégories/Accessoires/Bretelles"
248720031;"Chaussures et Accessoires/Catégories/Accessoires/Ceintures"
248722031;"Chaussures et Accessoires/Catégories/Accessoires/Chapeaux et Bonnets"
248727031;"Chaussures et Accessoires/Catégories/Accessoires/Cravates"
248724031;"Chaussures et Accessoires/Catégories/Accessoires/Echarpes et foulards"
248721031;"Chaussures et Accessoires/Catégories/Accessoires/Gants"
248726031;"Chaussures et Accessoires/Catégories/Accessoires/Lunettes de soleil"
248728031;"Chaussures et Accessoires/Catégories/Accessoires/Parapluies"
248719031;"Chaussures et Accessoires/Catégories/Accessoires/Porte-clés"
248718031;"Chaussures et Accessoires/Catégories/Accessoires/Portefeuilles et Porte-monnaie"
211032031;"Parfum & Beauté/Catégories/Vanity & Mallettes"
248715031;"Chaussures et Accessoires/Catégories/Accessoires"
248732031;"Chaussures et Accessoires/Catégories/Accessoires chaussures/Aerosols"
248736031;"Chaussures et Accessoires/Catégories/Accessoires chaussures/Brosses"
248735031;"Chaussures et Accessoires/Catégories/Accessoires chaussures/Chausse-pieds"
248734031;"Chaussures et Accessoires/Catégories/Accessoires chaussures/Cirage"
248737031;"Chaussures et Accessoires/Catégories/Accessoires chaussures/Embauchoirs"
248733031;"Chaussures et Accessoires/Catégories/Accessoires chaussures/Lacets"
248731031;"Chaussures et Accessoires/Catégories/Accessoires chaussures/Semelles"
248730031;"Chaussures et Accessoires/Catégories/Accessoires chaussures"
248714031;"Chaussures et Accessoires/Catégories/Sacs et Bagages/Bagages"
248707031;"Chaussures et Accessoires/Catégories/Sacs et Bagages/Business"
248706031;"Chaussures et Accessoires/Catégories/Sacs et Bagages/Cabas"
248711031;"Chaussures et Accessoires/Catégories/Sacs et Bagages/Sacs banane"
248710031;"Chaussures et Accessoires/Catégories/Sacs et Bagages/Sacs bandoulière"
248713031;"Chaussures et Accessoires/Catégories/Sacs et Bagages/Sacs de sport"
248712031;"Chaussures et Accessoires/Catégories/Sacs et Bagages/Sacs à dos"
248703031;"Chaussures et Accessoires/Catégories/Sacs et Bagages/Sacs à main/Pochettes"
248704031;"Chaussures et Accessoires/Catégories/Sacs et Bagages/Sacs à main/Sacs portés épaule"
248705031;"Chaussures et Accessoires/Catégories/Sacs et Bagages/Sacs à main/Sacs portés main"
248702031;"Chaussures et Accessoires/Catégories/Sacs et Bagages/Sacs à main"
248709031;"Chaussures et Accessoires/Catégories/Sacs et Bagages/Mallettes"
248701031;"Chaussures et Accessoires/Catégories/Sacs et Bagages"
600738031;"Chaussures et Accessoires/Boutiques/Custom Stores/Sacs et Accessoires"
494552031;"Chaussures et Accessoires/Boutiques/Custom Stores"
248812031;"Chaussures et Accessoires/Boutiques"
248661031;"Chaussures et Accessoires/Catégories/Chaussures/Ballerines"
248673031;"Chaussures et Accessoires/Catégories/Chaussures/Baskets mode"
634939031;"Chaussures et Accessoires/Catégories/Chaussures/Bottes et Boots/Bottes"
634940031;"Chaussures et Accessoires/Catégories/Chaussures/Bottes et Boots/Boots"
634941031;"Chaussures et Accessoires/Catégories/Chaussures/Bottes et Boots/Bottes de pluie"
248662031;"Chaussures et Accessoires/Catégories/Chaussures/Bottes et Boots"
248672031;"Chaussures et Accessoires/Catégories/Chaussures/Chaussons"
634944031;"Chaussures et Accessoires/Catégories/Chaussures/Chaussures basses/Loafers"
248664031;"Chaussures et Accessoires/Catégories/Chaussures/Chaussures basses/Chaussures à lacets"
248665031;"Chaussures et Accessoires/Catégories/Chaussures/Chaussures basses/Mocassins"
634943031;"Chaussures et Accessoires/Catégories/Chaussures/Chaussures basses"
214794031;"Bébés & Puériculture/Catégories/Chaussures/Bottines"
214795031;"Bébés & Puériculture/Catégories/Chaussures/Chaussures Bébé"
214796031;"Bébés & Puériculture/Catégories/Chaussures/Premiers Pas"
214793031;"Bébés & Puériculture/Catégories/Chaussures"
248676031;"Chaussures et Accessoires/Catégories/Chaussures/Chaussures de sport/Ballet et Danse"
248677031;"Chaussures et Accessoires/Catégories/Chaussures/Chaussures de sport/Basketball"
248678031;"Chaussures et Accessoires/Catégories/Chaussures/Chaussures de sport/Bowling"
248688031;"Chaussures et Accessoires/Catégories/Chaussures/Chaussures de sport/Running"
248687031;"Chaussures et Accessoires/Catégories/Chaussures/Chaussures de sport/Cyclisme"
248684031;"Chaussures et Accessoires/Catégories/Chaussures/Chaussures de sport/Equitation"
248686031;"Chaussures et Accessoires/Catégories/Chaussures/Chaussures de sport/Escalade"
248679031;"Chaussures et Accessoires/Catégories/Chaussures/Chaussures de sport/Fitness"
248680031;"Chaussures et Accessoires/Catégories/Chaussures/Chaussures de sport/Football"
248681031;"Chaussures et Accessoires/Catégories/Chaussures/Chaussures de sport/Golf"
248682031;"Chaussures et Accessoires/Catégories/Chaussures/Chaussures de sport/Gymnastique"
248683031;"Chaussures et Accessoires/Catégories/Chaussures/Chaussures de sport/Handball"
248694031;"Chaussures et Accessoires/Catégories/Chaussures/Chaussures de sport/Marche"
248695031;"Chaussures et Accessoires/Catégories/Chaussures/Chaussures de sport/Randonnée"
307672031;"Chaussures et Accessoires/Catégories/Chaussures/Chaussures de sport/Rugby"
248690031;"Chaussures et Accessoires/Catégories/Chaussures/Chaussures de sport/Skateboard"
248696031;"Chaussures et Accessoires/Catégories/Chaussures/Chaussures de sport/Sports d'eau"
248699031;"Chaussures et Accessoires/Catégories/Chaussures/Chaussures de sport/Sports d'hiver/Ski alpin"
248698031;"Chaussures et Accessoires/Catégories/Chaussures/Chaussures de sport/Sports d'hiver/Ski de fond"
248700031;"Chaussures et Accessoires/Catégories/Chaussures/Chaussures de sport/Sports d'hiver/Snowboard"
248697031;"Chaussures et Accessoires/Catégories/Chaussures/Chaussures de sport/Sports d'hiver"
248685031;"Chaussures et Accessoires/Catégories/Chaussures/Chaussures de sport/Sports en salle"
248691031;"Chaussures et Accessoires/Catégories/Chaussures/Chaussures de sport/Squash et Badminton"
248692031;"Chaussures et Accessoires/Catégories/Chaussures/Chaussures de sport/Tennis"
248689031;"Chaussures et Accessoires/Catégories/Chaussures/Chaussures de sport/Voile"
248693031;"Chaussures et Accessoires/Catégories/Chaussures/Chaussures de sport/Volleyball"
1368503031;"Chaussures et Accessoires/Catégories/Chaussures/Chaussures de sport/Multisport"
248675031;"Chaussures et Accessoires/Catégories/Chaussures/Chaussures de sport"
248674031;"Chaussures et Accessoires/Catégories/Chaussures/Chaussures de sécurité"
634942031;"Chaussures et Accessoires/Catégories/Chaussures/Chaussures montantes"
248667031;"Chaussures et Accessoires/Catégories/Chaussures/Escarpins"
248663031;"Chaussures et Accessoires/Catégories/Chaussures/Espadrilles"
248666031;"Chaussures et Accessoires/Catégories/Chaussures/Mules et Sabots"
634946031;"Chaussures et Accessoires/Catégories/Chaussures/Sandales/Sandales casual"
248669031;"Chaussures et Accessoires/Catégories/Chaussures/Sandales/Sandales d'eau"
248670031;"Chaussures et Accessoires/Catégories/Chaussures/Sandales/Sandales mode"
634945031;"Chaussures et Accessoires/Catégories/Chaussures/Sandales/Sandales sport"
248668031;"Chaussures et Accessoires/Catégories/Chaussures/Sandales"
248671031;"Chaussures et Accessoires/Catégories/Chaussures/Tongs"
248660031;"Chaussures et Accessoires/Catégories/Chaussures"
248732031;"Chaussures et Accessoires/Catégories/Accessoires chaussures/Aerosols"
248736031;"Chaussures et Accessoires/Catégories/Accessoires chaussures/Brosses"
248735031;"Chaussures et Accessoires/Catégories/Accessoires chaussures/Chausse-pieds"
248734031;"Chaussures et Accessoires/Catégories/Accessoires chaussures/Cirage"
248737031;"Chaussures et Accessoires/Catégories/Accessoires chaussures/Embauchoirs"
248733031;"Chaussures et Accessoires/Catégories/Accessoires chaussures/Lacets"
248731031;"Chaussures et Accessoires/Catégories/Accessoires chaussures/Semelles"
248730031;"Chaussures et Accessoires/Catégories/Accessoires chaussures"
248714031;"Chaussures et Accessoires/Catégories/Sacs et Bagages/Bagages"
248707031;"Chaussures et Accessoires/Catégories/Sacs et Bagages/Business"
248706031;"Chaussures et Accessoires/Catégories/Sacs et Bagages/Cabas"
248711031;"Chaussures et Accessoires/Catégories/Sacs et Bagages/Sacs banane"
248710031;"Chaussures et Accessoires/Catégories/Sacs et Bagages/Sacs bandoulière"
248713031;"Chaussures et Accessoires/Catégories/Sacs et Bagages/Sacs de sport"
248712031;"Chaussures et Accessoires/Catégories/Sacs et Bagages/Sacs à dos"
248703031;"Chaussures et Accessoires/Catégories/Sacs et Bagages/Sacs à main/Pochettes"
248704031;"Chaussures et Accessoires/Catégories/Sacs et Bagages/Sacs à main/Sacs portés épaule"
248705031;"Chaussures et Accessoires/Catégories/Sacs et Bagages/Sacs à main/Sacs portés main"
248702031;"Chaussures et Accessoires/Catégories/Sacs et Bagages/Sacs à main"
248709031;"Chaussures et Accessoires/Catégories/Sacs et Bagages/Mallettes"
248701031;"Chaussures et Accessoires/Catégories/Sacs et Bagages"
248729031;"Chaussures et Accessoires/Catégories/Accessoires/Articles de voyage"
248723031;"Chaussures et Accessoires/Catégories/Accessoires/Bretelles"
248720031;"Chaussures et Accessoires/Catégories/Accessoires/Ceintures"
248722031;"Chaussures et Accessoires/Catégories/Accessoires/Chapeaux et Bonnets"
248727031;"Chaussures et Accessoires/Catégories/Accessoires/Cravates"
248724031;"Chaussures et Accessoires/Catégories/Accessoires/Echarpes et foulards"
248721031;"Chaussures et Accessoires/Catégories/Accessoires/Gants"
248726031;"Chaussures et Accessoires/Catégories/Accessoires/Lunettes de soleil"
248728031;"Chaussures et Accessoires/Catégories/Accessoires/Parapluies"
248719031;"Chaussures et Accessoires/Catégories/Accessoires/Porte-clés"
248718031;"Chaussures et Accessoires/Catégories/Accessoires/Portefeuilles et Porte-monnaie"
211032031;"Parfum & Beauté/Catégories/Vanity & Mallettes"
248715031;"Chaussures et Accessoires/Catégories/Accessoires"
215935031;"Chaussures et Accessoires/Catégories"
302497031;"Chaussures et Accessoires/Refinements/Browse-Refinements/Department (target_audience_browse-bin)/Femme"
302498031;"Chaussures et Accessoires/Refinements/Browse-Refinements/Department (target_audience_browse-bin)/Homme"
302500031;"Chaussures et Accessoires/Refinements/Browse-Refinements/Department (target_audience_browse-bin)/Enfant/Fille"
302501031;"Chaussures et Accessoires/Refinements/Browse-Refinements/Department (target_audience_browse-bin)/Enfant/Garçon"
302499031;"Chaussures et Accessoires/Refinements/Browse-Refinements/Department (target_audience_browse-bin)/Enfant"
248729031;"Chaussures et Accessoires/Catégories/Accessoires/Articles de voyage"
248723031;"Chaussures et Accessoires/Catégories/Accessoires/Bretelles"
248720031;"Chaussures et Accessoires/Catégories/Accessoires/Ceintures"
248722031;"Chaussures et Accessoires/Catégories/Accessoires/Chapeaux et Bonnets"
248727031;"Chaussures et Accessoires/Catégories/Accessoires/Cravates"
248724031;"Chaussures et Accessoires/Catégories/Accessoires/Echarpes et foulards"
248721031;"Chaussures et Accessoires/Catégories/Accessoires/Gants"
248726031;"Chaussures et Accessoires/Catégories/Accessoires/Lunettes de soleil"
248728031;"Chaussures et Accessoires/Catégories/Accessoires/Parapluies"
248719031;"Chaussures et Accessoires/Catégories/Accessoires/Porte-clés"
248718031;"Chaussures et Accessoires/Catégories/Accessoires/Portefeuilles et Porte-monnaie"
211032031;"Parfum & Beauté/Catégories/Vanity & Mallettes"
248715031;"Chaussures et Accessoires/Catégories/Accessoires"
248732031;"Chaussures et Accessoires/Catégories/Accessoires chaussures/Aerosols"
248736031;"Chaussures et Accessoires/Catégories/Accessoires chaussures/Brosses"
248735031;"Chaussures et Accessoires/Catégories/Accessoires chaussures/Chausse-pieds"
248734031;"Chaussures et Accessoires/Catégories/Accessoires chaussures/Cirage"
248737031;"Chaussures et Accessoires/Catégories/Accessoires chaussures/Embauchoirs"
248733031;"Chaussures et Accessoires/Catégories/Accessoires chaussures/Lacets"
248731031;"Chaussures et Accessoires/Catégories/Accessoires chaussures/Semelles"
248730031;"Chaussures et Accessoires/Catégories/Accessoires chaussures"
248714031;"Chaussures et Accessoires/Catégories/Sacs et Bagages/Bagages"
248707031;"Chaussures et Accessoires/Catégories/Sacs et Bagages/Business"
248706031;"Chaussures et Accessoires/Catégories/Sacs et Bagages/Cabas"
248711031;"Chaussures et Accessoires/Catégories/Sacs et Bagages/Sacs banane"
248710031;"Chaussures et Accessoires/Catégories/Sacs et Bagages/Sacs bandoulière"
248713031;"Chaussures et Accessoires/Catégories/Sacs et Bagages/Sacs de sport"
248712031;"Chaussures et Accessoires/Catégories/Sacs et Bagages/Sacs à dos"
248703031;"Chaussures et Accessoires/Catégories/Sacs et Bagages/Sacs à main/Pochettes"
248704031;"Chaussures et Accessoires/Catégories/Sacs et Bagages/Sacs à main/Sacs portés épaule"
248705031;"Chaussures et Accessoires/Catégories/Sacs et Bagages/Sacs à main/Sacs portés main"
248702031;"Chaussures et Accessoires/Catégories/Sacs et Bagages/Sacs à main"
248709031;"Chaussures et Accessoires/Catégories/Sacs et Bagages/Mallettes"
248701031;"Chaussures et Accessoires/Catégories/Sacs et Bagages"
600738031;"Chaussures et Accessoires/Boutiques/Custom Stores/Sacs et Accessoires"
248815031;"Chaussures et Accessoires/Featured Categories"
248813031;"Chaussures et Accessoires/Marques"
248814031;"Chaussures et Accessoires/Recherche détaillée"
301733031;"Chaussures et Accessoires/Refinements/Availability/Articles en stock uniquement"
301734031;"Chaussures et Accessoires/Refinements/Availability/Ajouter les articles non en stock"
301732031;"Chaussures et Accessoires/Refinements/Availability"
301720031;"Chaussures et Accessoires/Refinements/Brand"
513718031;"Chaussures et Accessoires/Refinements/Browse-Refinements/Adult sizes/34"
513719031;"Chaussures et Accessoires/Refinements/Browse-Refinements/Adult sizes/34.5"
513720031;"Chaussures et Accessoires/Refinements/Browse-Refinements/Adult sizes/35"
513721031;"Chaussures et Accessoires/Refinements/Browse-Refinements/Adult sizes/35.5"
513722031;"Chaussures et Accessoires/Refinements/Browse-Refinements/Adult sizes/36"
513723031;"Chaussures et Accessoires/Refinements/Browse-Refinements/Adult sizes/36.5"
513724031;"Chaussures et Accessoires/Refinements/Browse-Refinements/Adult sizes/37"
513725031;"Chaussures et Accessoires/Refinements/Browse-Refinements/Adult sizes/37.5"
513726031;"Chaussures et Accessoires/Refinements/Browse-Refinements/Adult sizes/38"
513727031;"Chaussures et Accessoires/Refinements/Browse-Refinements/Adult sizes/38.5"
513728031;"Chaussures et Accessoires/Refinements/Browse-Refinements/Adult sizes/39"
513729031;"Chaussures et Accessoires/Refinements/Browse-Refinements/Adult sizes/39.5"
513730031;"Chaussures et Accessoires/Refinements/Browse-Refinements/Adult sizes/40"
513731031;"Chaussures et Accessoires/Refinements/Browse-Refinements/Adult sizes/40.5"
513732031;"Chaussures et Accessoires/Refinements/Browse-Refinements/Adult sizes/41"
513733031;"Chaussures et Accessoires/Refinements/Browse-Refinements/Adult sizes/41.5"
513734031;"Chaussures et Accessoires/Refinements/Browse-Refinements/Adult sizes/42"
513735031;"Chaussures et Accessoires/Refinements/Browse-Refinements/Adult sizes/42.5"
513736031;"Chaussures et Accessoires/Refinements/Browse-Refinements/Adult sizes/43"
513737031;"Chaussures et Accessoires/Refinements/Browse-Refinements/Adult sizes/43.5"
513738031;"Chaussures et Accessoires/Refinements/Browse-Refinements/Adult sizes/44"
513739031;"Chaussures et Accessoires/Refinements/Browse-Refinements/Adult sizes/44.5"
513740031;"Chaussures et Accessoires/Refinements/Browse-Refinements/Adult sizes/45"
513741031;"Chaussures et Accessoires/Refinements/Browse-Refinements/Adult sizes/45.5"
513742031;"Chaussures et Accessoires/Refinements/Browse-Refinements/Adult sizes/46"
513743031;"Chaussures et Accessoires/Refinements/Browse-Refinements/Adult sizes/46.5"
513744031;"Chaussures et Accessoires/Refinements/Browse-Refinements/Adult sizes/47"
513745031;"Chaussures et Accessoires/Refinements/Browse-Refinements/Adult sizes/47.5"
513678031;"Chaussures et Accessoires/Refinements/Browse-Refinements/Adult sizes"
533345031;"Chaussures et Accessoires/Refinements/Browse-Refinements/Closure Type (feature_three_browse-bin)/A boucles"
533346031;"Chaussures et Accessoires/Refinements/Browse-Refinements/Closure Type (feature_three_browse-bin)/A enfiler"
533349031;"Chaussures et Accessoires/Refinements/Browse-Refinements/Closure Type (feature_three_browse-bin)/A scratch"
533347031;"Chaussures et Accessoires/Refinements/Browse-Refinements/Closure Type (feature_three_browse-bin)/A fermeture Eclair"
533348031;"Chaussures et Accessoires/Refinements/Browse-Refinements/Closure Type (feature_three_browse-bin)/A lacets"
533343031;"Chaussures et Accessoires/Refinements/Browse-Refinements/Closure Type (feature_three_browse-bin)"
302502031;"Chaussures et Accessoires/Refinements/Browse-Refinements/Color (color_map)"
302497031;"Chaussures et Accessoires/Refinements/Browse-Refinements/Department (target_audience_browse-bin)/Femme"
302498031;"Chaussures et Accessoires/Refinements/Browse-Refinements/Department (target_audience_browse-bin)/Homme"
302500031;"Chaussures et Accessoires/Refinements/Browse-Refinements/Department (target_audience_browse-bin)/Enfant/Fille"
302501031;"Chaussures et Accessoires/Refinements/Browse-Refinements/Department (target_audience_browse-bin)/Enfant/Garçon"
302499031;"Chaussures et Accessoires/Refinements/Browse-Refinements/Department (target_audience_browse-bin)/Enfant"
302496031;"Chaussures et Accessoires/Refinements/Browse-Refinements/Department (target_audience_browse-bin)"
302522031;"Chaussures et Accessoires/Refinements/Browse-Refinements/Heel Height (feature_browse-bin)/Plat"
302523031;"Chaussures et Accessoires/Refinements/Browse-Refinements/Heel Height (feature_browse-bin)/1 à 3 cm"
302524031;"Chaussures et Accessoires/Refinements/Browse-Refinements/Heel Height (feature_browse-bin)/4 à 7 cm"
302525031;"Chaussures et Accessoires/Refinements/Browse-Refinements/Heel Height (feature_browse-bin)/8 à 12 cm"
302526031;"Chaussures et Accessoires/Refinements/Browse-Refinements/Heel Height (feature_browse-bin)/13 cm et plus"
302521031;"Chaussures et Accessoires/Refinements/Browse-Refinements/Heel Height (feature_browse-bin)"
303142031;"Chaussures et Accessoires/Refinements/Browse-Refinements/Heel Height Condition"
513681031;"Chaussures et Accessoires/Refinements/Browse-Refinements/Kid's sizes/16"
513682031;"Chaussures et Accessoires/Refinements/Browse-Refinements/Kid's sizes/17"
513683031;"Chaussures et Accessoires/Refinements/Browse-Refinements/Kid's sizes/18"
513684031;"Chaussures et Accessoires/Refinements/Browse-Refinements/Kid's sizes/18.5"
513685031;"Chaussures et Accessoires/Refinements/Browse-Refinements/Kid's sizes/19"
513686031;"Chaussures et Accessoires/Refinements/Browse-Refinements/Kid's sizes/19.5"
513687031;"Chaussures et Accessoires/Refinements/Browse-Refinements/Kid's sizes/20"
513688031;"Chaussures et Accessoires/Refinements/Browse-Refinements/Kid's sizes/20.5"
513689031;"Chaussures et Accessoires/Refinements/Browse-Refinements/Kid's sizes/21"
513690031;"Chaussures et Accessoires/Refinements/Browse-Refinements/Kid's sizes/21.5"
513691031;"Chaussures et Accessoires/Refinements/Browse-Refinements/Kid's sizes/22"
513692031;"Chaussures et Accessoires/Refinements/Browse-Refinements/Kid's sizes/22.5"
513693031;"Chaussures et Accessoires/Refinements/Browse-Refinements/Kid's sizes/23"
513694031;"Chaussures et Accessoires/Refinements/Browse-Refinements/Kid's sizes/23.5"
513695031;"Chaussures et Accessoires/Refinements/Browse-Refinements/Kid's sizes/24"
513696031;"Chaussures et Accessoires/Refinements/Browse-Refinements/Kid's sizes/24.5"
513697031;"Chaussures et Accessoires/Refinements/Browse-Refinements/Kid's sizes/25"
513698031;"Chaussures et Accessoires/Refinements/Browse-Refinements/Kid's sizes/25.5"
513699031;"Chaussures et Accessoires/Refinements/Browse-Refinements/Kid's sizes/26"
513700031;"Chaussures et Accessoires/Refinements/Browse-Refinements/Kid's sizes/26.5"
513701031;"Chaussures et Accessoires/Refinements/Browse-Refinements/Kid's sizes/27"
513702031;"Chaussures et Accessoires/Refinements/Browse-Refinements/Kid's sizes/27.5"
513703031;"Chaussures et Accessoires/Refinements/Browse-Refinements/Kid's sizes/28"
513704031;"Chaussures et Accessoires/Refinements/Browse-Refinements/Kid's sizes/28.5"
513705031;"Chaussures et Accessoires/Refinements/Browse-Refinements/Kid's sizes/29"
513706031;"Chaussures et Accessoires/Refinements/Browse-Refinements/Kid's sizes/29.5"
513707031;"Chaussures et Accessoires/Refinements/Browse-Refinements/Kid's sizes/30"
513708031;"Chaussures et Accessoires/Refinements/Browse-Refinements/Kid's sizes/30.5"
513709031;"Chaussures et Accessoires/Refinements/Browse-Refinements/Kid's sizes/31"
513710031;"Chaussures et Accessoires/Refinements/Browse-Refinements/Kid's sizes/31.5"
513711031;"Chaussures et Accessoires/Refinements/Browse-Refinements/Kid's sizes/32"
513712031;"Chaussures et Accessoires/Refinements/Browse-Refinements/Kid's sizes/32.5"
513713031;"Chaussures et Accessoires/Refinements/Browse-Refinements/Kid's sizes/33"
513714031;"Chaussures et Accessoires/Refinements/Browse-Refinements/Kid's sizes/33.5"
1611101031;"Chaussures et Accessoires/Refinements/Browse-Refinements/Kid's sizes/34"
1611102031;"Chaussures et Accessoires/Refinements/Browse-Refinements/Kid's sizes/34.5"
1611103031;"Chaussures et Accessoires/Refinements/Browse-Refinements/Kid's sizes/35"
1611104031;"Chaussures et Accessoires/Refinements/Browse-Refinements/Kid's sizes/35.5"
1611105031;"Chaussures et Accessoires/Refinements/Browse-Refinements/Kid's sizes/36"
1611106031;"Chaussures et Accessoires/Refinements/Browse-Refinements/Kid's sizes/36.5"
1611107031;"Chaussures et Accessoires/Refinements/Browse-Refinements/Kid's sizes/37"
1611108031;"Chaussures et Accessoires/Refinements/Browse-Refinements/Kid's sizes/37.5"
1611109031;"Chaussures et Accessoires/Refinements/Browse-Refinements/Kid's sizes/38"
1611110031;"Chaussures et Accessoires/Refinements/Browse-Refinements/Kid's sizes/38.5"
1611111031;"Chaussures et Accessoires/Refinements/Browse-Refinements/Kid's sizes/39"
1611112031;"Chaussures et Accessoires/Refinements/Browse-Refinements/Kid's sizes/39.5"
513679031;"Chaussures et Accessoires/Refinements/Browse-Refinements/Kid's sizes"
513746031;"Chaussures et Accessoires/Refinements/Browse-Refinements/Larger sizes/48"
513747031;"Chaussures et Accessoires/Refinements/Browse-Refinements/Larger sizes/48.5"
513748031;"Chaussures et Accessoires/Refinements/Browse-Refinements/Larger sizes/49"
513749031;"Chaussures et Accessoires/Refinements/Browse-Refinements/Larger sizes/49.5"
513750031;"Chaussures et Accessoires/Refinements/Browse-Refinements/Larger sizes/50"
513751031;"Chaussures et Accessoires/Refinements/Browse-Refinements/Larger sizes/50.5"
513752031;"Chaussures et Accessoires/Refinements/Browse-Refinements/Larger sizes/51"
513753031;"Chaussures et Accessoires/Refinements/Browse-Refinements/Larger sizes/51.5"
513754031;"Chaussures et Accessoires/Refinements/Browse-Refinements/Larger sizes/52"
513680031;"Chaussures et Accessoires/Refinements/Browse-Refinements/Larger sizes"
533353031;"Chaussures et Accessoires/Refinements/Browse-Refinements/Material (material_browse)/Caoutchouc"
302512031;"Chaussures et Accessoires/Refinements/Browse-Refinements/Material (material_browse)/Cuir"
302513031;"Chaussures et Accessoires/Refinements/Browse-Refinements/Material (material_browse)/Cuir verni"
302514031;"Chaussures et Accessoires/Refinements/Browse-Refinements/Material (material_browse)/Daim"
533354031;"Chaussures et Accessoires/Refinements/Browse-Refinements/Material (material_browse)/Feutre"
302520031;"Chaussures et Accessoires/Refinements/Browse-Refinements/Material (material_browse)/Laine"
533355031;"Chaussures et Accessoires/Refinements/Browse-Refinements/Material (material_browse)/Mouton retourné"
302515031;"Chaussures et Accessoires/Refinements/Browse-Refinements/Material (material_browse)/Nubuck"
302517031;"Chaussures et Accessoires/Refinements/Browse-Refinements/Material (material_browse)/Satin"
302518031;"Chaussures et Accessoires/Refinements/Browse-Refinements/Material (material_browse)/Soie"
302516031;"Chaussures et Accessoires/Refinements/Browse-Refinements/Material (material_browse)/Synthétique"
302511031;"Chaussures et Accessoires/Refinements/Browse-Refinements/Material (material_browse)/Textile"
302519031;"Chaussures et Accessoires/Refinements/Browse-Refinements/Material (material_browse)/Velours"
302509031;"Chaussures et Accessoires/Refinements/Browse-Refinements/Material (material_browse)"
302505031;"Chaussures et Accessoires/Refinements/Browse-Refinements/Shaft Height (feature_two_browse-bin)/Bottine"
302507031;"Chaussures et Accessoires/Refinements/Browse-Refinements/Shaft Height (feature_two_browse-bin)/Genou"
302508031;"Chaussures et Accessoires/Refinements/Browse-Refinements/Shaft Height (feature_two_browse-bin)/Cuissarde"
302504031;"Chaussures et Accessoires/Refinements/Browse-Refinements/Shaft Height (feature_two_browse-bin)"
303232031;"Chaussures et Accessoires/Refinements/Browse-Refinements/Size (size_browse-vebin)/16"
303233031;"Chaussures et Accessoires/Refinements/Browse-Refinements/Size (size_browse-vebin)/16.5"
303234031;"Chaussures et Accessoires/Refinements/Browse-Refinements/Size (size_browse-vebin)/17"
303235031;"Chaussures et Accessoires/Refinements/Browse-Refinements/Size (size_browse-vebin)/17.5"
303236031;"Chaussures et Accessoires/Refinements/Browse-Refinements/Size (size_browse-vebin)/18"
303237031;"Chaussures et Accessoires/Refinements/Browse-Refinements/Size (size_browse-vebin)/18.5"
303238031;"Chaussures et Accessoires/Refinements/Browse-Refinements/Size (size_browse-vebin)/19"
303239031;"Chaussures et Accessoires/Refinements/Browse-Refinements/Size (size_browse-vebin)/19.5"
303240031;"Chaussures et Accessoires/Refinements/Browse-Refinements/Size (size_browse-vebin)/20"
303241031;"Chaussures et Accessoires/Refinements/Browse-Refinements/Size (size_browse-vebin)/20.5"
303242031;"Chaussures et Accessoires/Refinements/Browse-Refinements/Size (size_browse-vebin)/21"
303243031;"Chaussures et Accessoires/Refinements/Browse-Refinements/Size (size_browse-vebin)/21.5"
303244031;"Chaussures et Accessoires/Refinements/Browse-Refinements/Size (size_browse-vebin)/22"
303245031;"Chaussures et Accessoires/Refinements/Browse-Refinements/Size (size_browse-vebin)/22.5"
303246031;"Chaussures et Accessoires/Refinements/Browse-Refinements/Size (size_browse-vebin)/23"
303247031;"Chaussures et Accessoires/Refinements/Browse-Refinements/Size (size_browse-vebin)/23.5"
303248031;"Chaussures et Accessoires/Refinements/Browse-Refinements/Size (size_browse-vebin)/24"
303249031;"Chaussures et Accessoires/Refinements/Browse-Refinements/Size (size_browse-vebin)/24.5"
303250031;"Chaussures et Accessoires/Refinements/Browse-Refinements/Size (size_browse-vebin)/25"
303251031;"Chaussures et Accessoires/Refinements/Browse-Refinements/Size (size_browse-vebin)/25.5"
303252031;"Chaussures et Accessoires/Refinements/Browse-Refinements/Size (size_browse-vebin)/26"
303253031;"Chaussures et Accessoires/Refinements/Browse-Refinements/Size (size_browse-vebin)/26.5"
303254031;"Chaussures et Accessoires/Refinements/Browse-Refinements/Size (size_browse-vebin)/27"
303255031;"Chaussures et Accessoires/Refinements/Browse-Refinements/Size (size_browse-vebin)/27.5"
303256031;"Chaussures et Accessoires/Refinements/Browse-Refinements/Size (size_browse-vebin)/28"
303257031;"Chaussures et Accessoires/Refinements/Browse-Refinements/Size (size_browse-vebin)/28.5"
303258031;"Chaussures et Accessoires/Refinements/Browse-Refinements/Size (size_browse-vebin)/29"
303259031;"Chaussures et Accessoires/Refinements/Browse-Refinements/Size (size_browse-vebin)/29.5"
303260031;"Chaussures et Accessoires/Refinements/Browse-Refinements/Size (size_browse-vebin)/30"
303261031;"Chaussures et Accessoires/Refinements/Browse-Refinements/Size (size_browse-vebin)/30.5"
303262031;"Chaussures et Accessoires/Refinements/Browse-Refinements/Size (size_browse-vebin)/31"
303263031;"Chaussures et Accessoires/Refinements/Browse-Refinements/Size (size_browse-vebin)/31.5"
303264031;"Chaussures et Accessoires/Refinements/Browse-Refinements/Size (size_browse-vebin)/32"
303265031;"Chaussures et Accessoires/Refinements/Browse-Refinements/Size (size_browse-vebin)/32.5"
303266031;"Chaussures et Accessoires/Refinements/Browse-Refinements/Size (size_browse-vebin)/33"
303267031;"Chaussures et Accessoires/Refinements/Browse-Refinements/Size (size_browse-vebin)/33.5"
303268031;"Chaussures et Accessoires/Refinements/Browse-Refinements/Size (size_browse-vebin)/34"
303269031;"Chaussures et Accessoires/Refinements/Browse-Refinements/Size (size_browse-vebin)/34.5"
303270031;"Chaussures et Accessoires/Refinements/Browse-Refinements/Size (size_browse-vebin)/35"
303271031;"Chaussures et Accessoires/Refinements/Browse-Refinements/Size (size_browse-vebin)/35.5"
303272031;"Chaussures et Accessoires/Refinements/Browse-Refinements/Size (size_browse-vebin)/36"
303273031;"Chaussures et Accessoires/Refinements/Browse-Refinements/Size (size_browse-vebin)/36.5"
303274031;"Chaussures et Accessoires/Refinements/Browse-Refinements/Size (size_browse-vebin)/37"
303275031;"Chaussures et Accessoires/Refinements/Browse-Refinements/Size (size_browse-vebin)/37.5"
303276031;"Chaussures et Accessoires/Refinements/Browse-Refinements/Size (size_browse-vebin)/38"
303277031;"Chaussures et Accessoires/Refinements/Browse-Refinements/Size (size_browse-vebin)/38.5"
303278031;"Chaussures et Accessoires/Refinements/Browse-Refinements/Size (size_browse-vebin)/39"
303279031;"Chaussures et Accessoires/Refinements/Browse-Refinements/Size (size_browse-vebin)/39.5"
303280031;"Chaussures et Accessoires/Refinements/Browse-Refinements/Size (size_browse-vebin)/40"
303281031;"Chaussures et Accessoires/Refinements/Browse-Refinements/Size (size_browse-vebin)/40.5"
303282031;"Chaussures et Accessoires/Refinements/Browse-Refinements/Size (size_browse-vebin)/41"
303283031;"Chaussures et Accessoires/Refinements/Browse-Refinements/Size (size_browse-vebin)/41.5"
303284031;"Chaussures et Accessoires/Refinements/Browse-Refinements/Size (size_browse-vebin)/42"
303285031;"Chaussures et Accessoires/Refinements/Browse-Refinements/Size (size_browse-vebin)/42.5"
303286031;"Chaussures et Accessoires/Refinements/Browse-Refinements/Size (size_browse-vebin)/43"
303287031;"Chaussures et Accessoires/Refinements/Browse-Refinements/Size (size_browse-vebin)/43.5"
303288031;"Chaussures et Accessoires/Refinements/Browse-Refinements/Size (size_browse-vebin)/44"
303289031;"Chaussures et Accessoires/Refinements/Browse-Refinements/Size (size_browse-vebin)/44.5"
303290031;"Chaussures et Accessoires/Refinements/Browse-Refinements/Size (size_browse-vebin)/45"
303291031;"Chaussures et Accessoires/Refinements/Browse-Refinements/Size (size_browse-vebin)/45.5"
303292031;"Chaussures et Accessoires/Refinements/Browse-Refinements/Size (size_browse-vebin)/46"
303293031;"Chaussures et Accessoires/Refinements/Browse-Refinements/Size (size_browse-vebin)/46.5"
303294031;"Chaussures et Accessoires/Refinements/Browse-Refinements/Size (size_browse-vebin)/47"
303295031;"Chaussures et Accessoires/Refinements/Browse-Refinements/Size (size_browse-vebin)/47.5"
303296031;"Chaussures et Accessoires/Refinements/Browse-Refinements/Size (size_browse-vebin)/48"
303297031;"Chaussures et Accessoires/Refinements/Browse-Refinements/Size (size_browse-vebin)/48.5"
303298031;"Chaussures et Accessoires/Refinements/Browse-Refinements/Size (size_browse-vebin)/49"
303299031;"Chaussures et Accessoires/Refinements/Browse-Refinements/Size (size_browse-vebin)/49.5"
303300031;"Chaussures et Accessoires/Refinements/Browse-Refinements/Size (size_browse-vebin)/50"
303301031;"Chaussures et Accessoires/Refinements/Browse-Refinements/Size (size_browse-vebin)/50.5"
303302031;"Chaussures et Accessoires/Refinements/Browse-Refinements/Size (size_browse-vebin)/51"
303303031;"Chaussures et Accessoires/Refinements/Browse-Refinements/Size (size_browse-vebin)/51.5"
303304031;"Chaussures et Accessoires/Refinements/Browse-Refinements/Size (size_browse-vebin)/52"
302503031;"Chaussures et Accessoires/Refinements/Browse-Refinements/Size (size_browse-vebin)"
755510031;"Chaussures et Accessoires/Refinements/Browse-Refinements/Interstitial Nodes/Closure Type Condition"
755509031;"Chaussures et Accessoires/Refinements/Browse-Refinements/Interstitial Nodes"
302495031;"Chaussures et Accessoires/Refinements/Browse-Refinements"
301728031;"Chaussures et Accessoires/Refinements/Customer Review (review-rating)/4 étoiles & plus"
301729031;"Chaussures et Accessoires/Refinements/Customer Review (review-rating)/3 étoiles & plus"
301730031;"Chaussures et Accessoires/Refinements/Customer Review (review-rating)/2 étoiles & plus"
301731031;"Chaussures et Accessoires/Refinements/Customer Review (review-rating)/1 étoile & plus"
301727031;"Chaussures et Accessoires/Refinements/Customer Review (review-rating)"
301725031;"Chaussures et Accessoires/Refinements/New Arrivals (date)/Depuis 1 mois"
301726031;"Chaussures et Accessoires/Refinements/New Arrivals (date)/Depuis 3 mois"
301764031;"Chaussures et Accessoires/Refinements/New Arrivals (date)/Dans les 3 mois à venir"
301724031;"Chaussures et Accessoires/Refinements/New Arrivals (date)"
301759031;"Chaussures et Accessoires/Refinements/Price/0 à 20 EUR"
301760031;"Chaussures et Accessoires/Refinements/Price/20 à 50 EUR"
301761031;"Chaussures et Accessoires/Refinements/Price/50 à 100 EUR"
301762031;"Chaussures et Accessoires/Refinements/Price/100 à 200 EUR"
301763031;"Chaussures et Accessoires/Refinements/Price/Plus de 200 EUR"
301721031;"Chaussures et Accessoires/Refinements/Price"
301722031;"Chaussures et Accessoires/Refinements/Seller"
301765031;"Chaussures et Accessoires/Refinements/Shipping Options (is_prime)/Peuvent bénéficier d'Amazon Premium"
301766031;"Chaussures et Accessoires/Refinements/Shipping Options (is_prime)/Livraison gratuite"
301723031;"Chaussures et Accessoires/Refinements/Shipping Options (is_prime)"
215936031;"Chaussures et Accessoires/Refinements"
522595031;"Chaussures et Accessoires/Self Service/Custom Stores/Démarques/1e démarque"
522596031;"Chaussures et Accessoires/Self Service/Custom Stores/Démarques/2e démarque"
522597031;"Chaussures et Accessoires/Self Service/Custom Stores/Démarques/3e démarque"
824429031;"Chaussures et Accessoires/Self Service/Custom Stores/Démarques/4e démarque"
522594031;"Chaussures et Accessoires/Self Service/Custom Stores/Démarques"
594624031;"Chaussures et Accessoires/Self Service/Custom Stores/Soldes par démarques/1ère démarque"
594625031;"Chaussures et Accessoires/Self Service/Custom Stores/Soldes par démarques/2ème démarque"
594626031;"Chaussures et Accessoires/Self Service/Custom Stores/Soldes par démarques/3ème démarque"
599355031;"Chaussures et Accessoires/Self Service/Custom Stores/Soldes par démarques/4ème démarque"
1572098031;"Chaussures et Accessoires/Self Service/Custom Stores/Soldes par démarques/5ème démarque"
594623031;"Chaussures et Accessoires/Self Service/Custom Stores/Soldes par démarques"
425503031;"Chaussures et Accessoires/Self Service/Custom Stores"
514955031;"Chaussures et Accessoires/Self Service/Special Features Stores/Baskets mode à -50%*"
528575031;"Chaussures et Accessoires/Self Service/Special Features Stores/Idées cadeaux"
534712031;"Chaussures et Accessoires/Self Service/Special Features Stores/Offre spéciale"
433976031;"Chaussures et Accessoires/Self Service/Special Features Stores/ASICS à -50%"
598856031;"Chaussures et Accessoires/Self Service/Special Features Stores/Chaussures tonifiantes"
665419031;"Chaussures et Accessoires/Self Service/Special Features Stores/Confort"
693303031;"Chaussures et Accessoires/Self Service/Special Features Stores/Sacs et Accessoires à -50%"
693304031;"Chaussures et Accessoires/Self Service/Special Features Stores/Rentrée universitaire"
693305031;"Chaussures et Accessoires/Self Service/Special Features Stores/Street look"
693306031;"Chaussures et Accessoires/Self Service/Special Features Stores/Fête des Pères"
693307031;"Chaussures et Accessoires/Self Service/Special Features Stores/Offre de Noël Chaussures"
693308031;"Chaussures et Accessoires/Self Service/Special Features Stores/Remise Tommy Hilfiger"
700920031;"Chaussures et Accessoires/Self Service/Special Features Stores/Sandales bijoux"
814003031;"Chaussures et Accessoires/Self Service/Special Features Stores/Rentrée des classes"
814005031;"Chaussures et Accessoires/Self Service/Special Features Stores/Boutiques de marque"
815181031;"Chaussures et Accessoires/Self Service/Special Features Stores/Vente privée mode"
824430031;"Chaussures et Accessoires/Self Service/Special Features Stores/Soldes et bonnes affaires"
838699031;"Chaussures et Accessoires/Self Service/Special Features Stores/Bonnes Affaires"
1317768031;"Chaussures et Accessoires/Self Service/Special Features Stores/Boutique Samsonite"
1335772031;"Chaussures et Accessoires/Self Service/Special Features Stores/Buggy by Lussi"
1339583031;"Chaussures et Accessoires/Self Service/Special Features Stores/Offre spéciale bottes de pluie"
1348502031;"Chaussures et Accessoires/Self Service/Special Features Stores/Chaussures à -30%"
1348590031;"Chaussures et Accessoires/Self Service/Special Features Stores/Boutique Camper"
1402223031;"Chaussures et Accessoires/Self Service/Special Features Stores/Heelys de -40% à -50%*"
1402225031;"Chaussures et Accessoires/Self Service/Special Features Stores/Offre spéciale chaussures fourrées"
1402287031;"Chaussures et Accessoires/Self Service/Special Features Stores/Opération 20POUR60"
1502055031;"Chaussures et Accessoires/Self Service/Special Features Stores/Vente privée Chaussures et Accessoires"
425504031;"Chaussures et Accessoires/Self Service/Special Features Stores"
425502031;"Chaussures et Accessoires/Self Service"
215934031;"Chaussures et Accessoires"
