62619031;"Montres/Catégories/Montres bracelet"
199638031;"Montres/Catégories/Montres de Luxe"
199639031;"Montres/Catégories/Montres de poche & Goussets"
199641031;"Montres/Catégories/Accessoires/Bracelets de Montres"
206441031;"Montres/Catégories/Accessoires/Chaîne de montres"
199642031;"Montres/Catégories/Accessoires/Ecrins pour Montres"
199643031;"Montres/Catégories/Accessoires/Ecrins pour Montres Automatiques"
199640031;"Montres/Catégories/Accessoires/Kits & Outils de réparation"
62620031;"Montres/Catégories/Accessoires"
60937031;"Montres/Catégories"
